Client ID,Best Local Accuracy,Best Local Accuracy Top-5,Best Global Accuracy,Best Global Accuracy Top-5,Best Global Model Train,Best Global Model Test,Best Global Model Train,Best Global Model Test,Hyperparameters
0,0.0,0.0,0.0,0.0,0.33599,0.2922,0.61903,0.5632,"{'epochs': 5, 'comm_round': 300, 'sample_fraction': 1.0, 'alpha': 0.01, 'dataset': 'tinyimagenet', 'datadir': '../data/', 'partition': 'iid', 'alg': 'sflv1', 'model': 'mobilenetv3', 'split_layer': 1, 'n_parties': 100, 'lr': 0.001, 'mu': 1, 'std_coeff': 2.5, 'unif_coeff': 0.5, 'batch_size': 64, 'load_first_net': 1, 'pool_option': 'FIFO', 'model_buffer_size': 1, 'optimizer': 'adam', 'simp_width': 1, 'out_dim': 256, 'reg': 0.0005, 'temperature': 0.5, 'logdir': './', 'log_file_name': 'logs/experiment_log-alg=sflv1_partition=iid_lr=0.001_epochs=5_num_users=100_beta=0.01_batch_size=64_opt=adam_dataset=tinyimagenet_2024-04-18-1427-39', 'seed': 1, 'device': 'cuda:1', 'accuracies_file': 'logs/mobilenetv3_tinyimagenet.csv', 'dont_skip': False, 'n_train_workers': 1, 'n_test_workers': 1, 'arch': 'mobilenet_v3_large', 'multiprocessing': 0}"
1,0.0,0.0,0.0,0.0,0.33599,0.2922,0.61903,0.5632,"{'epochs': 5, 'comm_round': 300, 'sample_fraction': 1.0, 'alpha': 0.01, 'dataset': 'tinyimagenet', 'datadir': '../data/', 'partition': 'iid', 'alg': 'sflv1', 'model': 'mobilenetv3', 'split_layer': 1, 'n_parties': 100, 'lr': 0.001, 'mu': 1, 'std_coeff': 2.5, 'unif_coeff': 0.5, 'batch_size': 64, 'load_first_net': 1, 'pool_option': 'FIFO', 'model_buffer_size': 1, 'optimizer': 'adam', 'simp_width': 1, 'out_dim': 256, 'reg': 0.0005, 'temperature': 0.5, 'logdir': './', 'log_file_name': 'logs/experiment_log-alg=sflv1_partition=iid_lr=0.001_epochs=5_num_users=100_beta=0.01_batch_size=64_opt=adam_dataset=tinyimagenet_2024-04-18-1427-39', 'seed': 1, 'device': 'cuda:1', 'accuracies_file': 'logs/mobilenetv3_tinyimagenet.csv', 'dont_skip': False, 'n_train_workers': 1, 'n_test_workers': 1, 'arch': 'mobilenet_v3_large', 'multiprocessing': 0}"
2,0.0,0.0,0.0,0.0,0.33599,0.2922,0.61903,0.5632,"{'epochs': 5, 'comm_round': 300, 'sample_fraction': 1.0, 'alpha': 0.01, 'dataset': 'tinyimagenet', 'datadir': '../data/', 'partition': 'iid', 'alg': 'sflv1', 'model': 'mobilenetv3', 'split_layer': 1, 'n_parties': 100, 'lr': 0.001, 'mu': 1, 'std_coeff': 2.5, 'unif_coeff': 0.5, 'batch_size': 64, 'load_first_net': 1, 'pool_option': 'FIFO', 'model_buffer_size': 1, 'optimizer': 'adam', 'simp_width': 1, 'out_dim': 256, 'reg': 0.0005, 'temperature': 0.5, 'logdir': './', 'log_file_name': 'logs/experiment_log-alg=sflv1_partition=iid_lr=0.001_epochs=5_num_users=100_beta=0.01_batch_size=64_opt=adam_dataset=tinyimagenet_2024-04-18-1427-39', 'seed': 1, 'device': 'cuda:1', 'accuracies_file': 'logs/mobilenetv3_tinyimagenet.csv', 'dont_skip': False, 'n_train_workers': 1, 'n_test_workers': 1, 'arch': 'mobilenet_v3_large', 'multiprocessing': 0}"
3,0.0,0.0,0.0,0.0,0.33599,0.2922,0.61903,0.5632,"{'epochs': 5, 'comm_round': 300, 'sample_fraction': 1.0, 'alpha': 0.01, 'dataset': 'tinyimagenet', 'datadir': '../data/', 'partition': 'iid', 'alg': 'sflv1', 'model': 'mobilenetv3', 'split_layer': 1, 'n_parties': 100, 'lr': 0.001, 'mu': 1, 'std_coeff': 2.5, 'unif_coeff': 0.5, 'batch_size': 64, 'load_first_net': 1, 'pool_option': 'FIFO', 'model_buffer_size': 1, 'optimizer': 'adam', 'simp_width': 1, 'out_dim': 256, 'reg': 0.0005, 'temperature': 0.5, 'logdir': './', 'log_file_name': 'logs/experiment_log-alg=sflv1_partition=iid_lr=0.001_epochs=5_num_users=100_beta=0.01_batch_size=64_opt=adam_dataset=tinyimagenet_2024-04-18-1427-39', 'seed': 1, 'device': 'cuda:1', 'accuracies_file': 'logs/mobilenetv3_tinyimagenet.csv', 'dont_skip': False, 'n_train_workers': 1, 'n_test_workers': 1, 'arch': 'mobilenet_v3_large', 'multiprocessing': 0}"
4,0.0,0.0,0.0,0.0,0.33599,0.2922,0.61903,0.5632,"{'epochs': 5, 'comm_round': 300, 'sample_fraction': 1.0, 'alpha': 0.01, 'dataset': 'tinyimagenet', 'datadir': '../data/', 'partition': 'iid', 'alg': 'sflv1', 'model': 'mobilenetv3', 'split_layer': 1, 'n_parties': 100, 'lr': 0.001, 'mu': 1, 'std_coeff': 2.5, 'unif_coeff': 0.5, 'batch_size': 64, 'load_first_net': 1, 'pool_option': 'FIFO', 'model_buffer_size': 1, 'optimizer': 'adam', 'simp_width': 1, 'out_dim': 256, 'reg': 0.0005, 'temperature': 0.5, 'logdir': './', 'log_file_name': 'logs/experiment_log-alg=sflv1_partition=iid_lr=0.001_epochs=5_num_users=100_beta=0.01_batch_size=64_opt=adam_dataset=tinyimagenet_2024-04-18-1427-39', 'seed': 1, 'device': 'cuda:1', 'accuracies_file': 'logs/mobilenetv3_tinyimagenet.csv', 'dont_skip': False, 'n_train_workers': 1, 'n_test_workers': 1, 'arch': 'mobilenet_v3_large', 'multiprocessing': 0}"
5,0.0,0.0,0.0,0.0,0.33599,0.2922,0.61903,0.5632,"{'epochs': 5, 'comm_round': 300, 'sample_fraction': 1.0, 'alpha': 0.01, 'dataset': 'tinyimagenet', 'datadir': '../data/', 'partition': 'iid', 'alg': 'sflv1', 'model': 'mobilenetv3', 'split_layer': 1, 'n_parties': 100, 'lr': 0.001, 'mu': 1, 'std_coeff': 2.5, 'unif_coeff': 0.5, 'batch_size': 64, 'load_first_net': 1, 'pool_option': 'FIFO', 'model_buffer_size': 1, 'optimizer': 'adam', 'simp_width': 1, 'out_dim': 256, 'reg': 0.0005, 'temperature': 0.5, 'logdir': './', 'log_file_name': 'logs/experiment_log-alg=sflv1_partition=iid_lr=0.001_epochs=5_num_users=100_beta=0.01_batch_size=64_opt=adam_dataset=tinyimagenet_2024-04-18-1427-39', 'seed': 1, 'device': 'cuda:1', 'accuracies_file': 'logs/mobilenetv3_tinyimagenet.csv', 'dont_skip': False, 'n_train_workers': 1, 'n_test_workers': 1, 'arch': 'mobilenet_v3_large', 'multiprocessing': 0}"
6,0.0,0.0,0.0,0.0,0.33599,0.2922,0.61903,0.5632,"{'epochs': 5, 'comm_round': 300, 'sample_fraction': 1.0, 'alpha': 0.01, 'dataset': 'tinyimagenet', 'datadir': '../data/', 'partition': 'iid', 'alg': 'sflv1', 'model': 'mobilenetv3', 'split_layer': 1, 'n_parties': 100, 'lr': 0.001, 'mu': 1, 'std_coeff': 2.5, 'unif_coeff': 0.5, 'batch_size': 64, 'load_first_net': 1, 'pool_option': 'FIFO', 'model_buffer_size': 1, 'optimizer': 'adam', 'simp_width': 1, 'out_dim': 256, 'reg': 0.0005, 'temperature': 0.5, 'logdir': './', 'log_file_name': 'logs/experiment_log-alg=sflv1_partition=iid_lr=0.001_epochs=5_num_users=100_beta=0.01_batch_size=64_opt=adam_dataset=tinyimagenet_2024-04-18-1427-39', 'seed': 1, 'device': 'cuda:1', 'accuracies_file': 'logs/mobilenetv3_tinyimagenet.csv', 'dont_skip': False, 'n_train_workers': 1, 'n_test_workers': 1, 'arch': 'mobilenet_v3_large', 'multiprocessing': 0}"
7,0.0,0.0,0.0,0.0,0.33599,0.2922,0.61903,0.5632,"{'epochs': 5, 'comm_round': 300, 'sample_fraction': 1.0, 'alpha': 0.01, 'dataset': 'tinyimagenet', 'datadir': '../data/', 'partition': 'iid', 'alg': 'sflv1', 'model': 'mobilenetv3', 'split_layer': 1, 'n_parties': 100, 'lr': 0.001, 'mu': 1, 'std_coeff': 2.5, 'unif_coeff': 0.5, 'batch_size': 64, 'load_first_net': 1, 'pool_option': 'FIFO', 'model_buffer_size': 1, 'optimizer': 'adam', 'simp_width': 1, 'out_dim': 256, 'reg': 0.0005, 'temperature': 0.5, 'logdir': './', 'log_file_name': 'logs/experiment_log-alg=sflv1_partition=iid_lr=0.001_epochs=5_num_users=100_beta=0.01_batch_size=64_opt=adam_dataset=tinyimagenet_2024-04-18-1427-39', 'seed': 1, 'device': 'cuda:1', 'accuracies_file': 'logs/mobilenetv3_tinyimagenet.csv', 'dont_skip': False, 'n_train_workers': 1, 'n_test_workers': 1, 'arch': 'mobilenet_v3_large', 'multiprocessing': 0}"
8,0.0,0.0,0.0,0.0,0.33599,0.2922,0.61903,0.5632,"{'epochs': 5, 'comm_round': 300, 'sample_fraction': 1.0, 'alpha': 0.01, 'dataset': 'tinyimagenet', 'datadir': '../data/', 'partition': 'iid', 'alg': 'sflv1', 'model': 'mobilenetv3', 'split_layer': 1, 'n_parties': 100, 'lr': 0.001, 'mu': 1, 'std_coeff': 2.5, 'unif_coeff': 0.5, 'batch_size': 64, 'load_first_net': 1, 'pool_option': 'FIFO', 'model_buffer_size': 1, 'optimizer': 'adam', 'simp_width': 1, 'out_dim': 256, 'reg': 0.0005, 'temperature': 0.5, 'logdir': './', 'log_file_name': 'logs/experiment_log-alg=sflv1_partition=iid_lr=0.001_epochs=5_num_users=100_beta=0.01_batch_size=64_opt=adam_dataset=tinyimagenet_2024-04-18-1427-39', 'seed': 1, 'device': 'cuda:1', 'accuracies_file': 'logs/mobilenetv3_tinyimagenet.csv', 'dont_skip': False, 'n_train_workers': 1, 'n_test_workers': 1, 'arch': 'mobilenet_v3_large', 'multiprocessing': 0}"
9,0.0,0.0,0.0,0.0,0.33599,0.2922,0.61903,0.5632,"{'epochs': 5, 'comm_round': 300, 'sample_fraction': 1.0, 'alpha': 0.01, 'dataset': 'tinyimagenet', 'datadir': '../data/', 'partition': 'iid', 'alg': 'sflv1', 'model': 'mobilenetv3', 'split_layer': 1, 'n_parties': 100, 'lr': 0.001, 'mu': 1, 'std_coeff': 2.5, 'unif_coeff': 0.5, 'batch_size': 64, 'load_first_net': 1, 'pool_option': 'FIFO', 'model_buffer_size': 1, 'optimizer': 'adam', 'simp_width': 1, 'out_dim': 256, 'reg': 0.0005, 'temperature': 0.5, 'logdir': './', 'log_file_name': 'logs/experiment_log-alg=sflv1_partition=iid_lr=0.001_epochs=5_num_users=100_beta=0.01_batch_size=64_opt=adam_dataset=tinyimagenet_2024-04-18-1427-39', 'seed': 1, 'device': 'cuda:1', 'accuracies_file': 'logs/mobilenetv3_tinyimagenet.csv', 'dont_skip': False, 'n_train_workers': 1, 'n_test_workers': 1, 'arch': 'mobilenet_v3_large', 'multiprocessing': 0}"
10,0.0,0.0,0.0,0.0,0.33599,0.2922,0.61903,0.5632,"{'epochs': 5, 'comm_round': 300, 'sample_fraction': 1.0, 'alpha': 0.01, 'dataset': 'tinyimagenet', 'datadir': '../data/', 'partition': 'iid', 'alg': 'sflv1', 'model': 'mobilenetv3', 'split_layer': 1, 'n_parties': 100, 'lr': 0.001, 'mu': 1, 'std_coeff': 2.5, 'unif_coeff': 0.5, 'batch_size': 64, 'load_first_net': 1, 'pool_option': 'FIFO', 'model_buffer_size': 1, 'optimizer': 'adam', 'simp_width': 1, 'out_dim': 256, 'reg': 0.0005, 'temperature': 0.5, 'logdir': './', 'log_file_name': 'logs/experiment_log-alg=sflv1_partition=iid_lr=0.001_epochs=5_num_users=100_beta=0.01_batch_size=64_opt=adam_dataset=tinyimagenet_2024-04-18-1427-39', 'seed': 1, 'device': 'cuda:1', 'accuracies_file': 'logs/mobilenetv3_tinyimagenet.csv', 'dont_skip': False, 'n_train_workers': 1, 'n_test_workers': 1, 'arch': 'mobilenet_v3_large', 'multiprocessing': 0}"
11,0.0,0.0,0.0,0.0,0.33599,0.2922,0.61903,0.5632,"{'epochs': 5, 'comm_round': 300, 'sample_fraction': 1.0, 'alpha': 0.01, 'dataset': 'tinyimagenet', 'datadir': '../data/', 'partition': 'iid', 'alg': 'sflv1', 'model': 'mobilenetv3', 'split_layer': 1, 'n_parties': 100, 'lr': 0.001, 'mu': 1, 'std_coeff': 2.5, 'unif_coeff': 0.5, 'batch_size': 64, 'load_first_net': 1, 'pool_option': 'FIFO', 'model_buffer_size': 1, 'optimizer': 'adam', 'simp_width': 1, 'out_dim': 256, 'reg': 0.0005, 'temperature': 0.5, 'logdir': './', 'log_file_name': 'logs/experiment_log-alg=sflv1_partition=iid_lr=0.001_epochs=5_num_users=100_beta=0.01_batch_size=64_opt=adam_dataset=tinyimagenet_2024-04-18-1427-39', 'seed': 1, 'device': 'cuda:1', 'accuracies_file': 'logs/mobilenetv3_tinyimagenet.csv', 'dont_skip': False, 'n_train_workers': 1, 'n_test_workers': 1, 'arch': 'mobilenet_v3_large', 'multiprocessing': 0}"
12,0.0,0.0,0.0,0.0,0.33599,0.2922,0.61903,0.5632,"{'epochs': 5, 'comm_round': 300, 'sample_fraction': 1.0, 'alpha': 0.01, 'dataset': 'tinyimagenet', 'datadir': '../data/', 'partition': 'iid', 'alg': 'sflv1', 'model': 'mobilenetv3', 'split_layer': 1, 'n_parties': 100, 'lr': 0.001, 'mu': 1, 'std_coeff': 2.5, 'unif_coeff': 0.5, 'batch_size': 64, 'load_first_net': 1, 'pool_option': 'FIFO', 'model_buffer_size': 1, 'optimizer': 'adam', 'simp_width': 1, 'out_dim': 256, 'reg': 0.0005, 'temperature': 0.5, 'logdir': './', 'log_file_name': 'logs/experiment_log-alg=sflv1_partition=iid_lr=0.001_epochs=5_num_users=100_beta=0.01_batch_size=64_opt=adam_dataset=tinyimagenet_2024-04-18-1427-39', 'seed': 1, 'device': 'cuda:1', 'accuracies_file': 'logs/mobilenetv3_tinyimagenet.csv', 'dont_skip': False, 'n_train_workers': 1, 'n_test_workers': 1, 'arch': 'mobilenet_v3_large', 'multiprocessing': 0}"
13,0.0,0.0,0.0,0.0,0.33599,0.2922,0.61903,0.5632,"{'epochs': 5, 'comm_round': 300, 'sample_fraction': 1.0, 'alpha': 0.01, 'dataset': 'tinyimagenet', 'datadir': '../data/', 'partition': 'iid', 'alg': 'sflv1', 'model': 'mobilenetv3', 'split_layer': 1, 'n_parties': 100, 'lr': 0.001, 'mu': 1, 'std_coeff': 2.5, 'unif_coeff': 0.5, 'batch_size': 64, 'load_first_net': 1, 'pool_option': 'FIFO', 'model_buffer_size': 1, 'optimizer': 'adam', 'simp_width': 1, 'out_dim': 256, 'reg': 0.0005, 'temperature': 0.5, 'logdir': './', 'log_file_name': 'logs/experiment_log-alg=sflv1_partition=iid_lr=0.001_epochs=5_num_users=100_beta=0.01_batch_size=64_opt=adam_dataset=tinyimagenet_2024-04-18-1427-39', 'seed': 1, 'device': 'cuda:1', 'accuracies_file': 'logs/mobilenetv3_tinyimagenet.csv', 'dont_skip': False, 'n_train_workers': 1, 'n_test_workers': 1, 'arch': 'mobilenet_v3_large', 'multiprocessing': 0}"
14,0.0,0.0,0.0,0.0,0.33599,0.2922,0.61903,0.5632,"{'epochs': 5, 'comm_round': 300, 'sample_fraction': 1.0, 'alpha': 0.01, 'dataset': 'tinyimagenet', 'datadir': '../data/', 'partition': 'iid', 'alg': 'sflv1', 'model': 'mobilenetv3', 'split_layer': 1, 'n_parties': 100, 'lr': 0.001, 'mu': 1, 'std_coeff': 2.5, 'unif_coeff': 0.5, 'batch_size': 64, 'load_first_net': 1, 'pool_option': 'FIFO', 'model_buffer_size': 1, 'optimizer': 'adam', 'simp_width': 1, 'out_dim': 256, 'reg': 0.0005, 'temperature': 0.5, 'logdir': './', 'log_file_name': 'logs/experiment_log-alg=sflv1_partition=iid_lr=0.001_epochs=5_num_users=100_beta=0.01_batch_size=64_opt=adam_dataset=tinyimagenet_2024-04-18-1427-39', 'seed': 1, 'device': 'cuda:1', 'accuracies_file': 'logs/mobilenetv3_tinyimagenet.csv', 'dont_skip': False, 'n_train_workers': 1, 'n_test_workers': 1, 'arch': 'mobilenet_v3_large', 'multiprocessing': 0}"
15,0.0,0.0,0.0,0.0,0.33599,0.2922,0.61903,0.5632,"{'epochs': 5, 'comm_round': 300, 'sample_fraction': 1.0, 'alpha': 0.01, 'dataset': 'tinyimagenet', 'datadir': '../data/', 'partition': 'iid', 'alg': 'sflv1', 'model': 'mobilenetv3', 'split_layer': 1, 'n_parties': 100, 'lr': 0.001, 'mu': 1, 'std_coeff': 2.5, 'unif_coeff': 0.5, 'batch_size': 64, 'load_first_net': 1, 'pool_option': 'FIFO', 'model_buffer_size': 1, 'optimizer': 'adam', 'simp_width': 1, 'out_dim': 256, 'reg': 0.0005, 'temperature': 0.5, 'logdir': './', 'log_file_name': 'logs/experiment_log-alg=sflv1_partition=iid_lr=0.001_epochs=5_num_users=100_beta=0.01_batch_size=64_opt=adam_dataset=tinyimagenet_2024-04-18-1427-39', 'seed': 1, 'device': 'cuda:1', 'accuracies_file': 'logs/mobilenetv3_tinyimagenet.csv', 'dont_skip': False, 'n_train_workers': 1, 'n_test_workers': 1, 'arch': 'mobilenet_v3_large', 'multiprocessing': 0}"
16,0.0,0.0,0.0,0.0,0.33599,0.2922,0.61903,0.5632,"{'epochs': 5, 'comm_round': 300, 'sample_fraction': 1.0, 'alpha': 0.01, 'dataset': 'tinyimagenet', 'datadir': '../data/', 'partition': 'iid', 'alg': 'sflv1', 'model': 'mobilenetv3', 'split_layer': 1, 'n_parties': 100, 'lr': 0.001, 'mu': 1, 'std_coeff': 2.5, 'unif_coeff': 0.5, 'batch_size': 64, 'load_first_net': 1, 'pool_option': 'FIFO', 'model_buffer_size': 1, 'optimizer': 'adam', 'simp_width': 1, 'out_dim': 256, 'reg': 0.0005, 'temperature': 0.5, 'logdir': './', 'log_file_name': 'logs/experiment_log-alg=sflv1_partition=iid_lr=0.001_epochs=5_num_users=100_beta=0.01_batch_size=64_opt=adam_dataset=tinyimagenet_2024-04-18-1427-39', 'seed': 1, 'device': 'cuda:1', 'accuracies_file': 'logs/mobilenetv3_tinyimagenet.csv', 'dont_skip': False, 'n_train_workers': 1, 'n_test_workers': 1, 'arch': 'mobilenet_v3_large', 'multiprocessing': 0}"
17,0.0,0.0,0.0,0.0,0.33599,0.2922,0.61903,0.5632,"{'epochs': 5, 'comm_round': 300, 'sample_fraction': 1.0, 'alpha': 0.01, 'dataset': 'tinyimagenet', 'datadir': '../data/', 'partition': 'iid', 'alg': 'sflv1', 'model': 'mobilenetv3', 'split_layer': 1, 'n_parties': 100, 'lr': 0.001, 'mu': 1, 'std_coeff': 2.5, 'unif_coeff': 0.5, 'batch_size': 64, 'load_first_net': 1, 'pool_option': 'FIFO', 'model_buffer_size': 1, 'optimizer': 'adam', 'simp_width': 1, 'out_dim': 256, 'reg': 0.0005, 'temperature': 0.5, 'logdir': './', 'log_file_name': 'logs/experiment_log-alg=sflv1_partition=iid_lr=0.001_epochs=5_num_users=100_beta=0.01_batch_size=64_opt=adam_dataset=tinyimagenet_2024-04-18-1427-39', 'seed': 1, 'device': 'cuda:1', 'accuracies_file': 'logs/mobilenetv3_tinyimagenet.csv', 'dont_skip': False, 'n_train_workers': 1, 'n_test_workers': 1, 'arch': 'mobilenet_v3_large', 'multiprocessing': 0}"
18,0.0,0.0,0.0,0.0,0.33599,0.2922,0.61903,0.5632,"{'epochs': 5, 'comm_round': 300, 'sample_fraction': 1.0, 'alpha': 0.01, 'dataset': 'tinyimagenet', 'datadir': '../data/', 'partition': 'iid', 'alg': 'sflv1', 'model': 'mobilenetv3', 'split_layer': 1, 'n_parties': 100, 'lr': 0.001, 'mu': 1, 'std_coeff': 2.5, 'unif_coeff': 0.5, 'batch_size': 64, 'load_first_net': 1, 'pool_option': 'FIFO', 'model_buffer_size': 1, 'optimizer': 'adam', 'simp_width': 1, 'out_dim': 256, 'reg': 0.0005, 'temperature': 0.5, 'logdir': './', 'log_file_name': 'logs/experiment_log-alg=sflv1_partition=iid_lr=0.001_epochs=5_num_users=100_beta=0.01_batch_size=64_opt=adam_dataset=tinyimagenet_2024-04-18-1427-39', 'seed': 1, 'device': 'cuda:1', 'accuracies_file': 'logs/mobilenetv3_tinyimagenet.csv', 'dont_skip': False, 'n_train_workers': 1, 'n_test_workers': 1, 'arch': 'mobilenet_v3_large', 'multiprocessing': 0}"
19,0.0,0.0,0.0,0.0,0.33599,0.2922,0.61903,0.5632,"{'epochs': 5, 'comm_round': 300, 'sample_fraction': 1.0, 'alpha': 0.01, 'dataset': 'tinyimagenet', 'datadir': '../data/', 'partition': 'iid', 'alg': 'sflv1', 'model': 'mobilenetv3', 'split_layer': 1, 'n_parties': 100, 'lr': 0.001, 'mu': 1, 'std_coeff': 2.5, 'unif_coeff': 0.5, 'batch_size': 64, 'load_first_net': 1, 'pool_option': 'FIFO', 'model_buffer_size': 1, 'optimizer': 'adam', 'simp_width': 1, 'out_dim': 256, 'reg': 0.0005, 'temperature': 0.5, 'logdir': './', 'log_file_name': 'logs/experiment_log-alg=sflv1_partition=iid_lr=0.001_epochs=5_num_users=100_beta=0.01_batch_size=64_opt=adam_dataset=tinyimagenet_2024-04-18-1427-39', 'seed': 1, 'device': 'cuda:1', 'accuracies_file': 'logs/mobilenetv3_tinyimagenet.csv', 'dont_skip': False, 'n_train_workers': 1, 'n_test_workers': 1, 'arch': 'mobilenet_v3_large', 'multiprocessing': 0}"
20,0.0,0.0,0.0,0.0,0.33599,0.2922,0.61903,0.5632,"{'epochs': 5, 'comm_round': 300, 'sample_fraction': 1.0, 'alpha': 0.01, 'dataset': 'tinyimagenet', 'datadir': '../data/', 'partition': 'iid', 'alg': 'sflv1', 'model': 'mobilenetv3', 'split_layer': 1, 'n_parties': 100, 'lr': 0.001, 'mu': 1, 'std_coeff': 2.5, 'unif_coeff': 0.5, 'batch_size': 64, 'load_first_net': 1, 'pool_option': 'FIFO', 'model_buffer_size': 1, 'optimizer': 'adam', 'simp_width': 1, 'out_dim': 256, 'reg': 0.0005, 'temperature': 0.5, 'logdir': './', 'log_file_name': 'logs/experiment_log-alg=sflv1_partition=iid_lr=0.001_epochs=5_num_users=100_beta=0.01_batch_size=64_opt=adam_dataset=tinyimagenet_2024-04-18-1427-39', 'seed': 1, 'device': 'cuda:1', 'accuracies_file': 'logs/mobilenetv3_tinyimagenet.csv', 'dont_skip': False, 'n_train_workers': 1, 'n_test_workers': 1, 'arch': 'mobilenet_v3_large', 'multiprocessing': 0}"
21,0.0,0.0,0.0,0.0,0.33599,0.2922,0.61903,0.5632,"{'epochs': 5, 'comm_round': 300, 'sample_fraction': 1.0, 'alpha': 0.01, 'dataset': 'tinyimagenet', 'datadir': '../data/', 'partition': 'iid', 'alg': 'sflv1', 'model': 'mobilenetv3', 'split_layer': 1, 'n_parties': 100, 'lr': 0.001, 'mu': 1, 'std_coeff': 2.5, 'unif_coeff': 0.5, 'batch_size': 64, 'load_first_net': 1, 'pool_option': 'FIFO', 'model_buffer_size': 1, 'optimizer': 'adam', 'simp_width': 1, 'out_dim': 256, 'reg': 0.0005, 'temperature': 0.5, 'logdir': './', 'log_file_name': 'logs/experiment_log-alg=sflv1_partition=iid_lr=0.001_epochs=5_num_users=100_beta=0.01_batch_size=64_opt=adam_dataset=tinyimagenet_2024-04-18-1427-39', 'seed': 1, 'device': 'cuda:1', 'accuracies_file': 'logs/mobilenetv3_tinyimagenet.csv', 'dont_skip': False, 'n_train_workers': 1, 'n_test_workers': 1, 'arch': 'mobilenet_v3_large', 'multiprocessing': 0}"
22,0.0,0.0,0.0,0.0,0.33599,0.2922,0.61903,0.5632,"{'epochs': 5, 'comm_round': 300, 'sample_fraction': 1.0, 'alpha': 0.01, 'dataset': 'tinyimagenet', 'datadir': '../data/', 'partition': 'iid', 'alg': 'sflv1', 'model': 'mobilenetv3', 'split_layer': 1, 'n_parties': 100, 'lr': 0.001, 'mu': 1, 'std_coeff': 2.5, 'unif_coeff': 0.5, 'batch_size': 64, 'load_first_net': 1, 'pool_option': 'FIFO', 'model_buffer_size': 1, 'optimizer': 'adam', 'simp_width': 1, 'out_dim': 256, 'reg': 0.0005, 'temperature': 0.5, 'logdir': './', 'log_file_name': 'logs/experiment_log-alg=sflv1_partition=iid_lr=0.001_epochs=5_num_users=100_beta=0.01_batch_size=64_opt=adam_dataset=tinyimagenet_2024-04-18-1427-39', 'seed': 1, 'device': 'cuda:1', 'accuracies_file': 'logs/mobilenetv3_tinyimagenet.csv', 'dont_skip': False, 'n_train_workers': 1, 'n_test_workers': 1, 'arch': 'mobilenet_v3_large', 'multiprocessing': 0}"
23,0.0,0.0,0.0,0.0,0.33599,0.2922,0.61903,0.5632,"{'epochs': 5, 'comm_round': 300, 'sample_fraction': 1.0, 'alpha': 0.01, 'dataset': 'tinyimagenet', 'datadir': '../data/', 'partition': 'iid', 'alg': 'sflv1', 'model': 'mobilenetv3', 'split_layer': 1, 'n_parties': 100, 'lr': 0.001, 'mu': 1, 'std_coeff': 2.5, 'unif_coeff': 0.5, 'batch_size': 64, 'load_first_net': 1, 'pool_option': 'FIFO', 'model_buffer_size': 1, 'optimizer': 'adam', 'simp_width': 1, 'out_dim': 256, 'reg': 0.0005, 'temperature': 0.5, 'logdir': './', 'log_file_name': 'logs/experiment_log-alg=sflv1_partition=iid_lr=0.001_epochs=5_num_users=100_beta=0.01_batch_size=64_opt=adam_dataset=tinyimagenet_2024-04-18-1427-39', 'seed': 1, 'device': 'cuda:1', 'accuracies_file': 'logs/mobilenetv3_tinyimagenet.csv', 'dont_skip': False, 'n_train_workers': 1, 'n_test_workers': 1, 'arch': 'mobilenet_v3_large', 'multiprocessing': 0}"
24,0.0,0.0,0.0,0.0,0.33599,0.2922,0.61903,0.5632,"{'epochs': 5, 'comm_round': 300, 'sample_fraction': 1.0, 'alpha': 0.01, 'dataset': 'tinyimagenet', 'datadir': '../data/', 'partition': 'iid', 'alg': 'sflv1', 'model': 'mobilenetv3', 'split_layer': 1, 'n_parties': 100, 'lr': 0.001, 'mu': 1, 'std_coeff': 2.5, 'unif_coeff': 0.5, 'batch_size': 64, 'load_first_net': 1, 'pool_option': 'FIFO', 'model_buffer_size': 1, 'optimizer': 'adam', 'simp_width': 1, 'out_dim': 256, 'reg': 0.0005, 'temperature': 0.5, 'logdir': './', 'log_file_name': 'logs/experiment_log-alg=sflv1_partition=iid_lr=0.001_epochs=5_num_users=100_beta=0.01_batch_size=64_opt=adam_dataset=tinyimagenet_2024-04-18-1427-39', 'seed': 1, 'device': 'cuda:1', 'accuracies_file': 'logs/mobilenetv3_tinyimagenet.csv', 'dont_skip': False, 'n_train_workers': 1, 'n_test_workers': 1, 'arch': 'mobilenet_v3_large', 'multiprocessing': 0}"
25,0.0,0.0,0.0,0.0,0.33599,0.2922,0.61903,0.5632,"{'epochs': 5, 'comm_round': 300, 'sample_fraction': 1.0, 'alpha': 0.01, 'dataset': 'tinyimagenet', 'datadir': '../data/', 'partition': 'iid', 'alg': 'sflv1', 'model': 'mobilenetv3', 'split_layer': 1, 'n_parties': 100, 'lr': 0.001, 'mu': 1, 'std_coeff': 2.5, 'unif_coeff': 0.5, 'batch_size': 64, 'load_first_net': 1, 'pool_option': 'FIFO', 'model_buffer_size': 1, 'optimizer': 'adam', 'simp_width': 1, 'out_dim': 256, 'reg': 0.0005, 'temperature': 0.5, 'logdir': './', 'log_file_name': 'logs/experiment_log-alg=sflv1_partition=iid_lr=0.001_epochs=5_num_users=100_beta=0.01_batch_size=64_opt=adam_dataset=tinyimagenet_2024-04-18-1427-39', 'seed': 1, 'device': 'cuda:1', 'accuracies_file': 'logs/mobilenetv3_tinyimagenet.csv', 'dont_skip': False, 'n_train_workers': 1, 'n_test_workers': 1, 'arch': 'mobilenet_v3_large', 'multiprocessing': 0}"
26,0.0,0.0,0.0,0.0,0.33599,0.2922,0.61903,0.5632,"{'epochs': 5, 'comm_round': 300, 'sample_fraction': 1.0, 'alpha': 0.01, 'dataset': 'tinyimagenet', 'datadir': '../data/', 'partition': 'iid', 'alg': 'sflv1', 'model': 'mobilenetv3', 'split_layer': 1, 'n_parties': 100, 'lr': 0.001, 'mu': 1, 'std_coeff': 2.5, 'unif_coeff': 0.5, 'batch_size': 64, 'load_first_net': 1, 'pool_option': 'FIFO', 'model_buffer_size': 1, 'optimizer': 'adam', 'simp_width': 1, 'out_dim': 256, 'reg': 0.0005, 'temperature': 0.5, 'logdir': './', 'log_file_name': 'logs/experiment_log-alg=sflv1_partition=iid_lr=0.001_epochs=5_num_users=100_beta=0.01_batch_size=64_opt=adam_dataset=tinyimagenet_2024-04-18-1427-39', 'seed': 1, 'device': 'cuda:1', 'accuracies_file': 'logs/mobilenetv3_tinyimagenet.csv', 'dont_skip': False, 'n_train_workers': 1, 'n_test_workers': 1, 'arch': 'mobilenet_v3_large', 'multiprocessing': 0}"
27,0.0,0.0,0.0,0.0,0.33599,0.2922,0.61903,0.5632,"{'epochs': 5, 'comm_round': 300, 'sample_fraction': 1.0, 'alpha': 0.01, 'dataset': 'tinyimagenet', 'datadir': '../data/', 'partition': 'iid', 'alg': 'sflv1', 'model': 'mobilenetv3', 'split_layer': 1, 'n_parties': 100, 'lr': 0.001, 'mu': 1, 'std_coeff': 2.5, 'unif_coeff': 0.5, 'batch_size': 64, 'load_first_net': 1, 'pool_option': 'FIFO', 'model_buffer_size': 1, 'optimizer': 'adam', 'simp_width': 1, 'out_dim': 256, 'reg': 0.0005, 'temperature': 0.5, 'logdir': './', 'log_file_name': 'logs/experiment_log-alg=sflv1_partition=iid_lr=0.001_epochs=5_num_users=100_beta=0.01_batch_size=64_opt=adam_dataset=tinyimagenet_2024-04-18-1427-39', 'seed': 1, 'device': 'cuda:1', 'accuracies_file': 'logs/mobilenetv3_tinyimagenet.csv', 'dont_skip': False, 'n_train_workers': 1, 'n_test_workers': 1, 'arch': 'mobilenet_v3_large', 'multiprocessing': 0}"
28,0.0,0.0,0.0,0.0,0.33599,0.2922,0.61903,0.5632,"{'epochs': 5, 'comm_round': 300, 'sample_fraction': 1.0, 'alpha': 0.01, 'dataset': 'tinyimagenet', 'datadir': '../data/', 'partition': 'iid', 'alg': 'sflv1', 'model': 'mobilenetv3', 'split_layer': 1, 'n_parties': 100, 'lr': 0.001, 'mu': 1, 'std_coeff': 2.5, 'unif_coeff': 0.5, 'batch_size': 64, 'load_first_net': 1, 'pool_option': 'FIFO', 'model_buffer_size': 1, 'optimizer': 'adam', 'simp_width': 1, 'out_dim': 256, 'reg': 0.0005, 'temperature': 0.5, 'logdir': './', 'log_file_name': 'logs/experiment_log-alg=sflv1_partition=iid_lr=0.001_epochs=5_num_users=100_beta=0.01_batch_size=64_opt=adam_dataset=tinyimagenet_2024-04-18-1427-39', 'seed': 1, 'device': 'cuda:1', 'accuracies_file': 'logs/mobilenetv3_tinyimagenet.csv', 'dont_skip': False, 'n_train_workers': 1, 'n_test_workers': 1, 'arch': 'mobilenet_v3_large', 'multiprocessing': 0}"
29,0.0,0.0,0.0,0.0,0.33599,0.2922,0.61903,0.5632,"{'epochs': 5, 'comm_round': 300, 'sample_fraction': 1.0, 'alpha': 0.01, 'dataset': 'tinyimagenet', 'datadir': '../data/', 'partition': 'iid', 'alg': 'sflv1', 'model': 'mobilenetv3', 'split_layer': 1, 'n_parties': 100, 'lr': 0.001, 'mu': 1, 'std_coeff': 2.5, 'unif_coeff': 0.5, 'batch_size': 64, 'load_first_net': 1, 'pool_option': 'FIFO', 'model_buffer_size': 1, 'optimizer': 'adam', 'simp_width': 1, 'out_dim': 256, 'reg': 0.0005, 'temperature': 0.5, 'logdir': './', 'log_file_name': 'logs/experiment_log-alg=sflv1_partition=iid_lr=0.001_epochs=5_num_users=100_beta=0.01_batch_size=64_opt=adam_dataset=tinyimagenet_2024-04-18-1427-39', 'seed': 1, 'device': 'cuda:1', 'accuracies_file': 'logs/mobilenetv3_tinyimagenet.csv', 'dont_skip': False, 'n_train_workers': 1, 'n_test_workers': 1, 'arch': 'mobilenet_v3_large', 'multiprocessing': 0}"
30,0.0,0.0,0.0,0.0,0.33599,0.2922,0.61903,0.5632,"{'epochs': 5, 'comm_round': 300, 'sample_fraction': 1.0, 'alpha': 0.01, 'dataset': 'tinyimagenet', 'datadir': '../data/', 'partition': 'iid', 'alg': 'sflv1', 'model': 'mobilenetv3', 'split_layer': 1, 'n_parties': 100, 'lr': 0.001, 'mu': 1, 'std_coeff': 2.5, 'unif_coeff': 0.5, 'batch_size': 64, 'load_first_net': 1, 'pool_option': 'FIFO', 'model_buffer_size': 1, 'optimizer': 'adam', 'simp_width': 1, 'out_dim': 256, 'reg': 0.0005, 'temperature': 0.5, 'logdir': './', 'log_file_name': 'logs/experiment_log-alg=sflv1_partition=iid_lr=0.001_epochs=5_num_users=100_beta=0.01_batch_size=64_opt=adam_dataset=tinyimagenet_2024-04-18-1427-39', 'seed': 1, 'device': 'cuda:1', 'accuracies_file': 'logs/mobilenetv3_tinyimagenet.csv', 'dont_skip': False, 'n_train_workers': 1, 'n_test_workers': 1, 'arch': 'mobilenet_v3_large', 'multiprocessing': 0}"
31,0.0,0.0,0.0,0.0,0.33599,0.2922,0.61903,0.5632,"{'epochs': 5, 'comm_round': 300, 'sample_fraction': 1.0, 'alpha': 0.01, 'dataset': 'tinyimagenet', 'datadir': '../data/', 'partition': 'iid', 'alg': 'sflv1', 'model': 'mobilenetv3', 'split_layer': 1, 'n_parties': 100, 'lr': 0.001, 'mu': 1, 'std_coeff': 2.5, 'unif_coeff': 0.5, 'batch_size': 64, 'load_first_net': 1, 'pool_option': 'FIFO', 'model_buffer_size': 1, 'optimizer': 'adam', 'simp_width': 1, 'out_dim': 256, 'reg': 0.0005, 'temperature': 0.5, 'logdir': './', 'log_file_name': 'logs/experiment_log-alg=sflv1_partition=iid_lr=0.001_epochs=5_num_users=100_beta=0.01_batch_size=64_opt=adam_dataset=tinyimagenet_2024-04-18-1427-39', 'seed': 1, 'device': 'cuda:1', 'accuracies_file': 'logs/mobilenetv3_tinyimagenet.csv', 'dont_skip': False, 'n_train_workers': 1, 'n_test_workers': 1, 'arch': 'mobilenet_v3_large', 'multiprocessing': 0}"
32,0.0,0.0,0.0,0.0,0.33599,0.2922,0.61903,0.5632,"{'epochs': 5, 'comm_round': 300, 'sample_fraction': 1.0, 'alpha': 0.01, 'dataset': 'tinyimagenet', 'datadir': '../data/', 'partition': 'iid', 'alg': 'sflv1', 'model': 'mobilenetv3', 'split_layer': 1, 'n_parties': 100, 'lr': 0.001, 'mu': 1, 'std_coeff': 2.5, 'unif_coeff': 0.5, 'batch_size': 64, 'load_first_net': 1, 'pool_option': 'FIFO', 'model_buffer_size': 1, 'optimizer': 'adam', 'simp_width': 1, 'out_dim': 256, 'reg': 0.0005, 'temperature': 0.5, 'logdir': './', 'log_file_name': 'logs/experiment_log-alg=sflv1_partition=iid_lr=0.001_epochs=5_num_users=100_beta=0.01_batch_size=64_opt=adam_dataset=tinyimagenet_2024-04-18-1427-39', 'seed': 1, 'device': 'cuda:1', 'accuracies_file': 'logs/mobilenetv3_tinyimagenet.csv', 'dont_skip': False, 'n_train_workers': 1, 'n_test_workers': 1, 'arch': 'mobilenet_v3_large', 'multiprocessing': 0}"
33,0.0,0.0,0.0,0.0,0.33599,0.2922,0.61903,0.5632,"{'epochs': 5, 'comm_round': 300, 'sample_fraction': 1.0, 'alpha': 0.01, 'dataset': 'tinyimagenet', 'datadir': '../data/', 'partition': 'iid', 'alg': 'sflv1', 'model': 'mobilenetv3', 'split_layer': 1, 'n_parties': 100, 'lr': 0.001, 'mu': 1, 'std_coeff': 2.5, 'unif_coeff': 0.5, 'batch_size': 64, 'load_first_net': 1, 'pool_option': 'FIFO', 'model_buffer_size': 1, 'optimizer': 'adam', 'simp_width': 1, 'out_dim': 256, 'reg': 0.0005, 'temperature': 0.5, 'logdir': './', 'log_file_name': 'logs/experiment_log-alg=sflv1_partition=iid_lr=0.001_epochs=5_num_users=100_beta=0.01_batch_size=64_opt=adam_dataset=tinyimagenet_2024-04-18-1427-39', 'seed': 1, 'device': 'cuda:1', 'accuracies_file': 'logs/mobilenetv3_tinyimagenet.csv', 'dont_skip': False, 'n_train_workers': 1, 'n_test_workers': 1, 'arch': 'mobilenet_v3_large', 'multiprocessing': 0}"
34,0.0,0.0,0.0,0.0,0.33599,0.2922,0.61903,0.5632,"{'epochs': 5, 'comm_round': 300, 'sample_fraction': 1.0, 'alpha': 0.01, 'dataset': 'tinyimagenet', 'datadir': '../data/', 'partition': 'iid', 'alg': 'sflv1', 'model': 'mobilenetv3', 'split_layer': 1, 'n_parties': 100, 'lr': 0.001, 'mu': 1, 'std_coeff': 2.5, 'unif_coeff': 0.5, 'batch_size': 64, 'load_first_net': 1, 'pool_option': 'FIFO', 'model_buffer_size': 1, 'optimizer': 'adam', 'simp_width': 1, 'out_dim': 256, 'reg': 0.0005, 'temperature': 0.5, 'logdir': './', 'log_file_name': 'logs/experiment_log-alg=sflv1_partition=iid_lr=0.001_epochs=5_num_users=100_beta=0.01_batch_size=64_opt=adam_dataset=tinyimagenet_2024-04-18-1427-39', 'seed': 1, 'device': 'cuda:1', 'accuracies_file': 'logs/mobilenetv3_tinyimagenet.csv', 'dont_skip': False, 'n_train_workers': 1, 'n_test_workers': 1, 'arch': 'mobilenet_v3_large', 'multiprocessing': 0}"
35,0.0,0.0,0.0,0.0,0.33599,0.2922,0.61903,0.5632,"{'epochs': 5, 'comm_round': 300, 'sample_fraction': 1.0, 'alpha': 0.01, 'dataset': 'tinyimagenet', 'datadir': '../data/', 'partition': 'iid', 'alg': 'sflv1', 'model': 'mobilenetv3', 'split_layer': 1, 'n_parties': 100, 'lr': 0.001, 'mu': 1, 'std_coeff': 2.5, 'unif_coeff': 0.5, 'batch_size': 64, 'load_first_net': 1, 'pool_option': 'FIFO', 'model_buffer_size': 1, 'optimizer': 'adam', 'simp_width': 1, 'out_dim': 256, 'reg': 0.0005, 'temperature': 0.5, 'logdir': './', 'log_file_name': 'logs/experiment_log-alg=sflv1_partition=iid_lr=0.001_epochs=5_num_users=100_beta=0.01_batch_size=64_opt=adam_dataset=tinyimagenet_2024-04-18-1427-39', 'seed': 1, 'device': 'cuda:1', 'accuracies_file': 'logs/mobilenetv3_tinyimagenet.csv', 'dont_skip': False, 'n_train_workers': 1, 'n_test_workers': 1, 'arch': 'mobilenet_v3_large', 'multiprocessing': 0}"
36,0.0,0.0,0.0,0.0,0.33599,0.2922,0.61903,0.5632,"{'epochs': 5, 'comm_round': 300, 'sample_fraction': 1.0, 'alpha': 0.01, 'dataset': 'tinyimagenet', 'datadir': '../data/', 'partition': 'iid', 'alg': 'sflv1', 'model': 'mobilenetv3', 'split_layer': 1, 'n_parties': 100, 'lr': 0.001, 'mu': 1, 'std_coeff': 2.5, 'unif_coeff': 0.5, 'batch_size': 64, 'load_first_net': 1, 'pool_option': 'FIFO', 'model_buffer_size': 1, 'optimizer': 'adam', 'simp_width': 1, 'out_dim': 256, 'reg': 0.0005, 'temperature': 0.5, 'logdir': './', 'log_file_name': 'logs/experiment_log-alg=sflv1_partition=iid_lr=0.001_epochs=5_num_users=100_beta=0.01_batch_size=64_opt=adam_dataset=tinyimagenet_2024-04-18-1427-39', 'seed': 1, 'device': 'cuda:1', 'accuracies_file': 'logs/mobilenetv3_tinyimagenet.csv', 'dont_skip': False, 'n_train_workers': 1, 'n_test_workers': 1, 'arch': 'mobilenet_v3_large', 'multiprocessing': 0}"
37,0.0,0.0,0.0,0.0,0.33599,0.2922,0.61903,0.5632,"{'epochs': 5, 'comm_round': 300, 'sample_fraction': 1.0, 'alpha': 0.01, 'dataset': 'tinyimagenet', 'datadir': '../data/', 'partition': 'iid', 'alg': 'sflv1', 'model': 'mobilenetv3', 'split_layer': 1, 'n_parties': 100, 'lr': 0.001, 'mu': 1, 'std_coeff': 2.5, 'unif_coeff': 0.5, 'batch_size': 64, 'load_first_net': 1, 'pool_option': 'FIFO', 'model_buffer_size': 1, 'optimizer': 'adam', 'simp_width': 1, 'out_dim': 256, 'reg': 0.0005, 'temperature': 0.5, 'logdir': './', 'log_file_name': 'logs/experiment_log-alg=sflv1_partition=iid_lr=0.001_epochs=5_num_users=100_beta=0.01_batch_size=64_opt=adam_dataset=tinyimagenet_2024-04-18-1427-39', 'seed': 1, 'device': 'cuda:1', 'accuracies_file': 'logs/mobilenetv3_tinyimagenet.csv', 'dont_skip': False, 'n_train_workers': 1, 'n_test_workers': 1, 'arch': 'mobilenet_v3_large', 'multiprocessing': 0}"
38,0.0,0.0,0.0,0.0,0.33599,0.2922,0.61903,0.5632,"{'epochs': 5, 'comm_round': 300, 'sample_fraction': 1.0, 'alpha': 0.01, 'dataset': 'tinyimagenet', 'datadir': '../data/', 'partition': 'iid', 'alg': 'sflv1', 'model': 'mobilenetv3', 'split_layer': 1, 'n_parties': 100, 'lr': 0.001, 'mu': 1, 'std_coeff': 2.5, 'unif_coeff': 0.5, 'batch_size': 64, 'load_first_net': 1, 'pool_option': 'FIFO', 'model_buffer_size': 1, 'optimizer': 'adam', 'simp_width': 1, 'out_dim': 256, 'reg': 0.0005, 'temperature': 0.5, 'logdir': './', 'log_file_name': 'logs/experiment_log-alg=sflv1_partition=iid_lr=0.001_epochs=5_num_users=100_beta=0.01_batch_size=64_opt=adam_dataset=tinyimagenet_2024-04-18-1427-39', 'seed': 1, 'device': 'cuda:1', 'accuracies_file': 'logs/mobilenetv3_tinyimagenet.csv', 'dont_skip': False, 'n_train_workers': 1, 'n_test_workers': 1, 'arch': 'mobilenet_v3_large', 'multiprocessing': 0}"
39,0.0,0.0,0.0,0.0,0.33599,0.2922,0.61903,0.5632,"{'epochs': 5, 'comm_round': 300, 'sample_fraction': 1.0, 'alpha': 0.01, 'dataset': 'tinyimagenet', 'datadir': '../data/', 'partition': 'iid', 'alg': 'sflv1', 'model': 'mobilenetv3', 'split_layer': 1, 'n_parties': 100, 'lr': 0.001, 'mu': 1, 'std_coeff': 2.5, 'unif_coeff': 0.5, 'batch_size': 64, 'load_first_net': 1, 'pool_option': 'FIFO', 'model_buffer_size': 1, 'optimizer': 'adam', 'simp_width': 1, 'out_dim': 256, 'reg': 0.0005, 'temperature': 0.5, 'logdir': './', 'log_file_name': 'logs/experiment_log-alg=sflv1_partition=iid_lr=0.001_epochs=5_num_users=100_beta=0.01_batch_size=64_opt=adam_dataset=tinyimagenet_2024-04-18-1427-39', 'seed': 1, 'device': 'cuda:1', 'accuracies_file': 'logs/mobilenetv3_tinyimagenet.csv', 'dont_skip': False, 'n_train_workers': 1, 'n_test_workers': 1, 'arch': 'mobilenet_v3_large', 'multiprocessing': 0}"
40,0.0,0.0,0.0,0.0,0.33599,0.2922,0.61903,0.5632,"{'epochs': 5, 'comm_round': 300, 'sample_fraction': 1.0, 'alpha': 0.01, 'dataset': 'tinyimagenet', 'datadir': '../data/', 'partition': 'iid', 'alg': 'sflv1', 'model': 'mobilenetv3', 'split_layer': 1, 'n_parties': 100, 'lr': 0.001, 'mu': 1, 'std_coeff': 2.5, 'unif_coeff': 0.5, 'batch_size': 64, 'load_first_net': 1, 'pool_option': 'FIFO', 'model_buffer_size': 1, 'optimizer': 'adam', 'simp_width': 1, 'out_dim': 256, 'reg': 0.0005, 'temperature': 0.5, 'logdir': './', 'log_file_name': 'logs/experiment_log-alg=sflv1_partition=iid_lr=0.001_epochs=5_num_users=100_beta=0.01_batch_size=64_opt=adam_dataset=tinyimagenet_2024-04-18-1427-39', 'seed': 1, 'device': 'cuda:1', 'accuracies_file': 'logs/mobilenetv3_tinyimagenet.csv', 'dont_skip': False, 'n_train_workers': 1, 'n_test_workers': 1, 'arch': 'mobilenet_v3_large', 'multiprocessing': 0}"
41,0.0,0.0,0.0,0.0,0.33599,0.2922,0.61903,0.5632,"{'epochs': 5, 'comm_round': 300, 'sample_fraction': 1.0, 'alpha': 0.01, 'dataset': 'tinyimagenet', 'datadir': '../data/', 'partition': 'iid', 'alg': 'sflv1', 'model': 'mobilenetv3', 'split_layer': 1, 'n_parties': 100, 'lr': 0.001, 'mu': 1, 'std_coeff': 2.5, 'unif_coeff': 0.5, 'batch_size': 64, 'load_first_net': 1, 'pool_option': 'FIFO', 'model_buffer_size': 1, 'optimizer': 'adam', 'simp_width': 1, 'out_dim': 256, 'reg': 0.0005, 'temperature': 0.5, 'logdir': './', 'log_file_name': 'logs/experiment_log-alg=sflv1_partition=iid_lr=0.001_epochs=5_num_users=100_beta=0.01_batch_size=64_opt=adam_dataset=tinyimagenet_2024-04-18-1427-39', 'seed': 1, 'device': 'cuda:1', 'accuracies_file': 'logs/mobilenetv3_tinyimagenet.csv', 'dont_skip': False, 'n_train_workers': 1, 'n_test_workers': 1, 'arch': 'mobilenet_v3_large', 'multiprocessing': 0}"
42,0.0,0.0,0.0,0.0,0.33599,0.2922,0.61903,0.5632,"{'epochs': 5, 'comm_round': 300, 'sample_fraction': 1.0, 'alpha': 0.01, 'dataset': 'tinyimagenet', 'datadir': '../data/', 'partition': 'iid', 'alg': 'sflv1', 'model': 'mobilenetv3', 'split_layer': 1, 'n_parties': 100, 'lr': 0.001, 'mu': 1, 'std_coeff': 2.5, 'unif_coeff': 0.5, 'batch_size': 64, 'load_first_net': 1, 'pool_option': 'FIFO', 'model_buffer_size': 1, 'optimizer': 'adam', 'simp_width': 1, 'out_dim': 256, 'reg': 0.0005, 'temperature': 0.5, 'logdir': './', 'log_file_name': 'logs/experiment_log-alg=sflv1_partition=iid_lr=0.001_epochs=5_num_users=100_beta=0.01_batch_size=64_opt=adam_dataset=tinyimagenet_2024-04-18-1427-39', 'seed': 1, 'device': 'cuda:1', 'accuracies_file': 'logs/mobilenetv3_tinyimagenet.csv', 'dont_skip': False, 'n_train_workers': 1, 'n_test_workers': 1, 'arch': 'mobilenet_v3_large', 'multiprocessing': 0}"
43,0.0,0.0,0.0,0.0,0.33599,0.2922,0.61903,0.5632,"{'epochs': 5, 'comm_round': 300, 'sample_fraction': 1.0, 'alpha': 0.01, 'dataset': 'tinyimagenet', 'datadir': '../data/', 'partition': 'iid', 'alg': 'sflv1', 'model': 'mobilenetv3', 'split_layer': 1, 'n_parties': 100, 'lr': 0.001, 'mu': 1, 'std_coeff': 2.5, 'unif_coeff': 0.5, 'batch_size': 64, 'load_first_net': 1, 'pool_option': 'FIFO', 'model_buffer_size': 1, 'optimizer': 'adam', 'simp_width': 1, 'out_dim': 256, 'reg': 0.0005, 'temperature': 0.5, 'logdir': './', 'log_file_name': 'logs/experiment_log-alg=sflv1_partition=iid_lr=0.001_epochs=5_num_users=100_beta=0.01_batch_size=64_opt=adam_dataset=tinyimagenet_2024-04-18-1427-39', 'seed': 1, 'device': 'cuda:1', 'accuracies_file': 'logs/mobilenetv3_tinyimagenet.csv', 'dont_skip': False, 'n_train_workers': 1, 'n_test_workers': 1, 'arch': 'mobilenet_v3_large', 'multiprocessing': 0}"
44,0.0,0.0,0.0,0.0,0.33599,0.2922,0.61903,0.5632,"{'epochs': 5, 'comm_round': 300, 'sample_fraction': 1.0, 'alpha': 0.01, 'dataset': 'tinyimagenet', 'datadir': '../data/', 'partition': 'iid', 'alg': 'sflv1', 'model': 'mobilenetv3', 'split_layer': 1, 'n_parties': 100, 'lr': 0.001, 'mu': 1, 'std_coeff': 2.5, 'unif_coeff': 0.5, 'batch_size': 64, 'load_first_net': 1, 'pool_option': 'FIFO', 'model_buffer_size': 1, 'optimizer': 'adam', 'simp_width': 1, 'out_dim': 256, 'reg': 0.0005, 'temperature': 0.5, 'logdir': './', 'log_file_name': 'logs/experiment_log-alg=sflv1_partition=iid_lr=0.001_epochs=5_num_users=100_beta=0.01_batch_size=64_opt=adam_dataset=tinyimagenet_2024-04-18-1427-39', 'seed': 1, 'device': 'cuda:1', 'accuracies_file': 'logs/mobilenetv3_tinyimagenet.csv', 'dont_skip': False, 'n_train_workers': 1, 'n_test_workers': 1, 'arch': 'mobilenet_v3_large', 'multiprocessing': 0}"
45,0.0,0.0,0.0,0.0,0.33599,0.2922,0.61903,0.5632,"{'epochs': 5, 'comm_round': 300, 'sample_fraction': 1.0, 'alpha': 0.01, 'dataset': 'tinyimagenet', 'datadir': '../data/', 'partition': 'iid', 'alg': 'sflv1', 'model': 'mobilenetv3', 'split_layer': 1, 'n_parties': 100, 'lr': 0.001, 'mu': 1, 'std_coeff': 2.5, 'unif_coeff': 0.5, 'batch_size': 64, 'load_first_net': 1, 'pool_option': 'FIFO', 'model_buffer_size': 1, 'optimizer': 'adam', 'simp_width': 1, 'out_dim': 256, 'reg': 0.0005, 'temperature': 0.5, 'logdir': './', 'log_file_name': 'logs/experiment_log-alg=sflv1_partition=iid_lr=0.001_epochs=5_num_users=100_beta=0.01_batch_size=64_opt=adam_dataset=tinyimagenet_2024-04-18-1427-39', 'seed': 1, 'device': 'cuda:1', 'accuracies_file': 'logs/mobilenetv3_tinyimagenet.csv', 'dont_skip': False, 'n_train_workers': 1, 'n_test_workers': 1, 'arch': 'mobilenet_v3_large', 'multiprocessing': 0}"
46,0.0,0.0,0.0,0.0,0.33599,0.2922,0.61903,0.5632,"{'epochs': 5, 'comm_round': 300, 'sample_fraction': 1.0, 'alpha': 0.01, 'dataset': 'tinyimagenet', 'datadir': '../data/', 'partition': 'iid', 'alg': 'sflv1', 'model': 'mobilenetv3', 'split_layer': 1, 'n_parties': 100, 'lr': 0.001, 'mu': 1, 'std_coeff': 2.5, 'unif_coeff': 0.5, 'batch_size': 64, 'load_first_net': 1, 'pool_option': 'FIFO', 'model_buffer_size': 1, 'optimizer': 'adam', 'simp_width': 1, 'out_dim': 256, 'reg': 0.0005, 'temperature': 0.5, 'logdir': './', 'log_file_name': 'logs/experiment_log-alg=sflv1_partition=iid_lr=0.001_epochs=5_num_users=100_beta=0.01_batch_size=64_opt=adam_dataset=tinyimagenet_2024-04-18-1427-39', 'seed': 1, 'device': 'cuda:1', 'accuracies_file': 'logs/mobilenetv3_tinyimagenet.csv', 'dont_skip': False, 'n_train_workers': 1, 'n_test_workers': 1, 'arch': 'mobilenet_v3_large', 'multiprocessing': 0}"
47,0.0,0.0,0.0,0.0,0.33599,0.2922,0.61903,0.5632,"{'epochs': 5, 'comm_round': 300, 'sample_fraction': 1.0, 'alpha': 0.01, 'dataset': 'tinyimagenet', 'datadir': '../data/', 'partition': 'iid', 'alg': 'sflv1', 'model': 'mobilenetv3', 'split_layer': 1, 'n_parties': 100, 'lr': 0.001, 'mu': 1, 'std_coeff': 2.5, 'unif_coeff': 0.5, 'batch_size': 64, 'load_first_net': 1, 'pool_option': 'FIFO', 'model_buffer_size': 1, 'optimizer': 'adam', 'simp_width': 1, 'out_dim': 256, 'reg': 0.0005, 'temperature': 0.5, 'logdir': './', 'log_file_name': 'logs/experiment_log-alg=sflv1_partition=iid_lr=0.001_epochs=5_num_users=100_beta=0.01_batch_size=64_opt=adam_dataset=tinyimagenet_2024-04-18-1427-39', 'seed': 1, 'device': 'cuda:1', 'accuracies_file': 'logs/mobilenetv3_tinyimagenet.csv', 'dont_skip': False, 'n_train_workers': 1, 'n_test_workers': 1, 'arch': 'mobilenet_v3_large', 'multiprocessing': 0}"
48,0.0,0.0,0.0,0.0,0.33599,0.2922,0.61903,0.5632,"{'epochs': 5, 'comm_round': 300, 'sample_fraction': 1.0, 'alpha': 0.01, 'dataset': 'tinyimagenet', 'datadir': '../data/', 'partition': 'iid', 'alg': 'sflv1', 'model': 'mobilenetv3', 'split_layer': 1, 'n_parties': 100, 'lr': 0.001, 'mu': 1, 'std_coeff': 2.5, 'unif_coeff': 0.5, 'batch_size': 64, 'load_first_net': 1, 'pool_option': 'FIFO', 'model_buffer_size': 1, 'optimizer': 'adam', 'simp_width': 1, 'out_dim': 256, 'reg': 0.0005, 'temperature': 0.5, 'logdir': './', 'log_file_name': 'logs/experiment_log-alg=sflv1_partition=iid_lr=0.001_epochs=5_num_users=100_beta=0.01_batch_size=64_opt=adam_dataset=tinyimagenet_2024-04-18-1427-39', 'seed': 1, 'device': 'cuda:1', 'accuracies_file': 'logs/mobilenetv3_tinyimagenet.csv', 'dont_skip': False, 'n_train_workers': 1, 'n_test_workers': 1, 'arch': 'mobilenet_v3_large', 'multiprocessing': 0}"
49,0.0,0.0,0.0,0.0,0.33599,0.2922,0.61903,0.5632,"{'epochs': 5, 'comm_round': 300, 'sample_fraction': 1.0, 'alpha': 0.01, 'dataset': 'tinyimagenet', 'datadir': '../data/', 'partition': 'iid', 'alg': 'sflv1', 'model': 'mobilenetv3', 'split_layer': 1, 'n_parties': 100, 'lr': 0.001, 'mu': 1, 'std_coeff': 2.5, 'unif_coeff': 0.5, 'batch_size': 64, 'load_first_net': 1, 'pool_option': 'FIFO', 'model_buffer_size': 1, 'optimizer': 'adam', 'simp_width': 1, 'out_dim': 256, 'reg': 0.0005, 'temperature': 0.5, 'logdir': './', 'log_file_name': 'logs/experiment_log-alg=sflv1_partition=iid_lr=0.001_epochs=5_num_users=100_beta=0.01_batch_size=64_opt=adam_dataset=tinyimagenet_2024-04-18-1427-39', 'seed': 1, 'device': 'cuda:1', 'accuracies_file': 'logs/mobilenetv3_tinyimagenet.csv', 'dont_skip': False, 'n_train_workers': 1, 'n_test_workers': 1, 'arch': 'mobilenet_v3_large', 'multiprocessing': 0}"
50,0.0,0.0,0.0,0.0,0.33599,0.2922,0.61903,0.5632,"{'epochs': 5, 'comm_round': 300, 'sample_fraction': 1.0, 'alpha': 0.01, 'dataset': 'tinyimagenet', 'datadir': '../data/', 'partition': 'iid', 'alg': 'sflv1', 'model': 'mobilenetv3', 'split_layer': 1, 'n_parties': 100, 'lr': 0.001, 'mu': 1, 'std_coeff': 2.5, 'unif_coeff': 0.5, 'batch_size': 64, 'load_first_net': 1, 'pool_option': 'FIFO', 'model_buffer_size': 1, 'optimizer': 'adam', 'simp_width': 1, 'out_dim': 256, 'reg': 0.0005, 'temperature': 0.5, 'logdir': './', 'log_file_name': 'logs/experiment_log-alg=sflv1_partition=iid_lr=0.001_epochs=5_num_users=100_beta=0.01_batch_size=64_opt=adam_dataset=tinyimagenet_2024-04-18-1427-39', 'seed': 1, 'device': 'cuda:1', 'accuracies_file': 'logs/mobilenetv3_tinyimagenet.csv', 'dont_skip': False, 'n_train_workers': 1, 'n_test_workers': 1, 'arch': 'mobilenet_v3_large', 'multiprocessing': 0}"
51,0.0,0.0,0.0,0.0,0.33599,0.2922,0.61903,0.5632,"{'epochs': 5, 'comm_round': 300, 'sample_fraction': 1.0, 'alpha': 0.01, 'dataset': 'tinyimagenet', 'datadir': '../data/', 'partition': 'iid', 'alg': 'sflv1', 'model': 'mobilenetv3', 'split_layer': 1, 'n_parties': 100, 'lr': 0.001, 'mu': 1, 'std_coeff': 2.5, 'unif_coeff': 0.5, 'batch_size': 64, 'load_first_net': 1, 'pool_option': 'FIFO', 'model_buffer_size': 1, 'optimizer': 'adam', 'simp_width': 1, 'out_dim': 256, 'reg': 0.0005, 'temperature': 0.5, 'logdir': './', 'log_file_name': 'logs/experiment_log-alg=sflv1_partition=iid_lr=0.001_epochs=5_num_users=100_beta=0.01_batch_size=64_opt=adam_dataset=tinyimagenet_2024-04-18-1427-39', 'seed': 1, 'device': 'cuda:1', 'accuracies_file': 'logs/mobilenetv3_tinyimagenet.csv', 'dont_skip': False, 'n_train_workers': 1, 'n_test_workers': 1, 'arch': 'mobilenet_v3_large', 'multiprocessing': 0}"
52,0.0,0.0,0.0,0.0,0.33599,0.2922,0.61903,0.5632,"{'epochs': 5, 'comm_round': 300, 'sample_fraction': 1.0, 'alpha': 0.01, 'dataset': 'tinyimagenet', 'datadir': '../data/', 'partition': 'iid', 'alg': 'sflv1', 'model': 'mobilenetv3', 'split_layer': 1, 'n_parties': 100, 'lr': 0.001, 'mu': 1, 'std_coeff': 2.5, 'unif_coeff': 0.5, 'batch_size': 64, 'load_first_net': 1, 'pool_option': 'FIFO', 'model_buffer_size': 1, 'optimizer': 'adam', 'simp_width': 1, 'out_dim': 256, 'reg': 0.0005, 'temperature': 0.5, 'logdir': './', 'log_file_name': 'logs/experiment_log-alg=sflv1_partition=iid_lr=0.001_epochs=5_num_users=100_beta=0.01_batch_size=64_opt=adam_dataset=tinyimagenet_2024-04-18-1427-39', 'seed': 1, 'device': 'cuda:1', 'accuracies_file': 'logs/mobilenetv3_tinyimagenet.csv', 'dont_skip': False, 'n_train_workers': 1, 'n_test_workers': 1, 'arch': 'mobilenet_v3_large', 'multiprocessing': 0}"
53,0.0,0.0,0.0,0.0,0.33599,0.2922,0.61903,0.5632,"{'epochs': 5, 'comm_round': 300, 'sample_fraction': 1.0, 'alpha': 0.01, 'dataset': 'tinyimagenet', 'datadir': '../data/', 'partition': 'iid', 'alg': 'sflv1', 'model': 'mobilenetv3', 'split_layer': 1, 'n_parties': 100, 'lr': 0.001, 'mu': 1, 'std_coeff': 2.5, 'unif_coeff': 0.5, 'batch_size': 64, 'load_first_net': 1, 'pool_option': 'FIFO', 'model_buffer_size': 1, 'optimizer': 'adam', 'simp_width': 1, 'out_dim': 256, 'reg': 0.0005, 'temperature': 0.5, 'logdir': './', 'log_file_name': 'logs/experiment_log-alg=sflv1_partition=iid_lr=0.001_epochs=5_num_users=100_beta=0.01_batch_size=64_opt=adam_dataset=tinyimagenet_2024-04-18-1427-39', 'seed': 1, 'device': 'cuda:1', 'accuracies_file': 'logs/mobilenetv3_tinyimagenet.csv', 'dont_skip': False, 'n_train_workers': 1, 'n_test_workers': 1, 'arch': 'mobilenet_v3_large', 'multiprocessing': 0}"
54,0.0,0.0,0.0,0.0,0.33599,0.2922,0.61903,0.5632,"{'epochs': 5, 'comm_round': 300, 'sample_fraction': 1.0, 'alpha': 0.01, 'dataset': 'tinyimagenet', 'datadir': '../data/', 'partition': 'iid', 'alg': 'sflv1', 'model': 'mobilenetv3', 'split_layer': 1, 'n_parties': 100, 'lr': 0.001, 'mu': 1, 'std_coeff': 2.5, 'unif_coeff': 0.5, 'batch_size': 64, 'load_first_net': 1, 'pool_option': 'FIFO', 'model_buffer_size': 1, 'optimizer': 'adam', 'simp_width': 1, 'out_dim': 256, 'reg': 0.0005, 'temperature': 0.5, 'logdir': './', 'log_file_name': 'logs/experiment_log-alg=sflv1_partition=iid_lr=0.001_epochs=5_num_users=100_beta=0.01_batch_size=64_opt=adam_dataset=tinyimagenet_2024-04-18-1427-39', 'seed': 1, 'device': 'cuda:1', 'accuracies_file': 'logs/mobilenetv3_tinyimagenet.csv', 'dont_skip': False, 'n_train_workers': 1, 'n_test_workers': 1, 'arch': 'mobilenet_v3_large', 'multiprocessing': 0}"
55,0.0,0.0,0.0,0.0,0.33599,0.2922,0.61903,0.5632,"{'epochs': 5, 'comm_round': 300, 'sample_fraction': 1.0, 'alpha': 0.01, 'dataset': 'tinyimagenet', 'datadir': '../data/', 'partition': 'iid', 'alg': 'sflv1', 'model': 'mobilenetv3', 'split_layer': 1, 'n_parties': 100, 'lr': 0.001, 'mu': 1, 'std_coeff': 2.5, 'unif_coeff': 0.5, 'batch_size': 64, 'load_first_net': 1, 'pool_option': 'FIFO', 'model_buffer_size': 1, 'optimizer': 'adam', 'simp_width': 1, 'out_dim': 256, 'reg': 0.0005, 'temperature': 0.5, 'logdir': './', 'log_file_name': 'logs/experiment_log-alg=sflv1_partition=iid_lr=0.001_epochs=5_num_users=100_beta=0.01_batch_size=64_opt=adam_dataset=tinyimagenet_2024-04-18-1427-39', 'seed': 1, 'device': 'cuda:1', 'accuracies_file': 'logs/mobilenetv3_tinyimagenet.csv', 'dont_skip': False, 'n_train_workers': 1, 'n_test_workers': 1, 'arch': 'mobilenet_v3_large', 'multiprocessing': 0}"
56,0.0,0.0,0.0,0.0,0.33599,0.2922,0.61903,0.5632,"{'epochs': 5, 'comm_round': 300, 'sample_fraction': 1.0, 'alpha': 0.01, 'dataset': 'tinyimagenet', 'datadir': '../data/', 'partition': 'iid', 'alg': 'sflv1', 'model': 'mobilenetv3', 'split_layer': 1, 'n_parties': 100, 'lr': 0.001, 'mu': 1, 'std_coeff': 2.5, 'unif_coeff': 0.5, 'batch_size': 64, 'load_first_net': 1, 'pool_option': 'FIFO', 'model_buffer_size': 1, 'optimizer': 'adam', 'simp_width': 1, 'out_dim': 256, 'reg': 0.0005, 'temperature': 0.5, 'logdir': './', 'log_file_name': 'logs/experiment_log-alg=sflv1_partition=iid_lr=0.001_epochs=5_num_users=100_beta=0.01_batch_size=64_opt=adam_dataset=tinyimagenet_2024-04-18-1427-39', 'seed': 1, 'device': 'cuda:1', 'accuracies_file': 'logs/mobilenetv3_tinyimagenet.csv', 'dont_skip': False, 'n_train_workers': 1, 'n_test_workers': 1, 'arch': 'mobilenet_v3_large', 'multiprocessing': 0}"
57,0.0,0.0,0.0,0.0,0.33599,0.2922,0.61903,0.5632,"{'epochs': 5, 'comm_round': 300, 'sample_fraction': 1.0, 'alpha': 0.01, 'dataset': 'tinyimagenet', 'datadir': '../data/', 'partition': 'iid', 'alg': 'sflv1', 'model': 'mobilenetv3', 'split_layer': 1, 'n_parties': 100, 'lr': 0.001, 'mu': 1, 'std_coeff': 2.5, 'unif_coeff': 0.5, 'batch_size': 64, 'load_first_net': 1, 'pool_option': 'FIFO', 'model_buffer_size': 1, 'optimizer': 'adam', 'simp_width': 1, 'out_dim': 256, 'reg': 0.0005, 'temperature': 0.5, 'logdir': './', 'log_file_name': 'logs/experiment_log-alg=sflv1_partition=iid_lr=0.001_epochs=5_num_users=100_beta=0.01_batch_size=64_opt=adam_dataset=tinyimagenet_2024-04-18-1427-39', 'seed': 1, 'device': 'cuda:1', 'accuracies_file': 'logs/mobilenetv3_tinyimagenet.csv', 'dont_skip': False, 'n_train_workers': 1, 'n_test_workers': 1, 'arch': 'mobilenet_v3_large', 'multiprocessing': 0}"
58,0.0,0.0,0.0,0.0,0.33599,0.2922,0.61903,0.5632,"{'epochs': 5, 'comm_round': 300, 'sample_fraction': 1.0, 'alpha': 0.01, 'dataset': 'tinyimagenet', 'datadir': '../data/', 'partition': 'iid', 'alg': 'sflv1', 'model': 'mobilenetv3', 'split_layer': 1, 'n_parties': 100, 'lr': 0.001, 'mu': 1, 'std_coeff': 2.5, 'unif_coeff': 0.5, 'batch_size': 64, 'load_first_net': 1, 'pool_option': 'FIFO', 'model_buffer_size': 1, 'optimizer': 'adam', 'simp_width': 1, 'out_dim': 256, 'reg': 0.0005, 'temperature': 0.5, 'logdir': './', 'log_file_name': 'logs/experiment_log-alg=sflv1_partition=iid_lr=0.001_epochs=5_num_users=100_beta=0.01_batch_size=64_opt=adam_dataset=tinyimagenet_2024-04-18-1427-39', 'seed': 1, 'device': 'cuda:1', 'accuracies_file': 'logs/mobilenetv3_tinyimagenet.csv', 'dont_skip': False, 'n_train_workers': 1, 'n_test_workers': 1, 'arch': 'mobilenet_v3_large', 'multiprocessing': 0}"
59,0.0,0.0,0.0,0.0,0.33599,0.2922,0.61903,0.5632,"{'epochs': 5, 'comm_round': 300, 'sample_fraction': 1.0, 'alpha': 0.01, 'dataset': 'tinyimagenet', 'datadir': '../data/', 'partition': 'iid', 'alg': 'sflv1', 'model': 'mobilenetv3', 'split_layer': 1, 'n_parties': 100, 'lr': 0.001, 'mu': 1, 'std_coeff': 2.5, 'unif_coeff': 0.5, 'batch_size': 64, 'load_first_net': 1, 'pool_option': 'FIFO', 'model_buffer_size': 1, 'optimizer': 'adam', 'simp_width': 1, 'out_dim': 256, 'reg': 0.0005, 'temperature': 0.5, 'logdir': './', 'log_file_name': 'logs/experiment_log-alg=sflv1_partition=iid_lr=0.001_epochs=5_num_users=100_beta=0.01_batch_size=64_opt=adam_dataset=tinyimagenet_2024-04-18-1427-39', 'seed': 1, 'device': 'cuda:1', 'accuracies_file': 'logs/mobilenetv3_tinyimagenet.csv', 'dont_skip': False, 'n_train_workers': 1, 'n_test_workers': 1, 'arch': 'mobilenet_v3_large', 'multiprocessing': 0}"
60,0.0,0.0,0.0,0.0,0.33599,0.2922,0.61903,0.5632,"{'epochs': 5, 'comm_round': 300, 'sample_fraction': 1.0, 'alpha': 0.01, 'dataset': 'tinyimagenet', 'datadir': '../data/', 'partition': 'iid', 'alg': 'sflv1', 'model': 'mobilenetv3', 'split_layer': 1, 'n_parties': 100, 'lr': 0.001, 'mu': 1, 'std_coeff': 2.5, 'unif_coeff': 0.5, 'batch_size': 64, 'load_first_net': 1, 'pool_option': 'FIFO', 'model_buffer_size': 1, 'optimizer': 'adam', 'simp_width': 1, 'out_dim': 256, 'reg': 0.0005, 'temperature': 0.5, 'logdir': './', 'log_file_name': 'logs/experiment_log-alg=sflv1_partition=iid_lr=0.001_epochs=5_num_users=100_beta=0.01_batch_size=64_opt=adam_dataset=tinyimagenet_2024-04-18-1427-39', 'seed': 1, 'device': 'cuda:1', 'accuracies_file': 'logs/mobilenetv3_tinyimagenet.csv', 'dont_skip': False, 'n_train_workers': 1, 'n_test_workers': 1, 'arch': 'mobilenet_v3_large', 'multiprocessing': 0}"
61,0.0,0.0,0.0,0.0,0.33599,0.2922,0.61903,0.5632,"{'epochs': 5, 'comm_round': 300, 'sample_fraction': 1.0, 'alpha': 0.01, 'dataset': 'tinyimagenet', 'datadir': '../data/', 'partition': 'iid', 'alg': 'sflv1', 'model': 'mobilenetv3', 'split_layer': 1, 'n_parties': 100, 'lr': 0.001, 'mu': 1, 'std_coeff': 2.5, 'unif_coeff': 0.5, 'batch_size': 64, 'load_first_net': 1, 'pool_option': 'FIFO', 'model_buffer_size': 1, 'optimizer': 'adam', 'simp_width': 1, 'out_dim': 256, 'reg': 0.0005, 'temperature': 0.5, 'logdir': './', 'log_file_name': 'logs/experiment_log-alg=sflv1_partition=iid_lr=0.001_epochs=5_num_users=100_beta=0.01_batch_size=64_opt=adam_dataset=tinyimagenet_2024-04-18-1427-39', 'seed': 1, 'device': 'cuda:1', 'accuracies_file': 'logs/mobilenetv3_tinyimagenet.csv', 'dont_skip': False, 'n_train_workers': 1, 'n_test_workers': 1, 'arch': 'mobilenet_v3_large', 'multiprocessing': 0}"
62,0.0,0.0,0.0,0.0,0.33599,0.2922,0.61903,0.5632,"{'epochs': 5, 'comm_round': 300, 'sample_fraction': 1.0, 'alpha': 0.01, 'dataset': 'tinyimagenet', 'datadir': '../data/', 'partition': 'iid', 'alg': 'sflv1', 'model': 'mobilenetv3', 'split_layer': 1, 'n_parties': 100, 'lr': 0.001, 'mu': 1, 'std_coeff': 2.5, 'unif_coeff': 0.5, 'batch_size': 64, 'load_first_net': 1, 'pool_option': 'FIFO', 'model_buffer_size': 1, 'optimizer': 'adam', 'simp_width': 1, 'out_dim': 256, 'reg': 0.0005, 'temperature': 0.5, 'logdir': './', 'log_file_name': 'logs/experiment_log-alg=sflv1_partition=iid_lr=0.001_epochs=5_num_users=100_beta=0.01_batch_size=64_opt=adam_dataset=tinyimagenet_2024-04-18-1427-39', 'seed': 1, 'device': 'cuda:1', 'accuracies_file': 'logs/mobilenetv3_tinyimagenet.csv', 'dont_skip': False, 'n_train_workers': 1, 'n_test_workers': 1, 'arch': 'mobilenet_v3_large', 'multiprocessing': 0}"
63,0.0,0.0,0.0,0.0,0.33599,0.2922,0.61903,0.5632,"{'epochs': 5, 'comm_round': 300, 'sample_fraction': 1.0, 'alpha': 0.01, 'dataset': 'tinyimagenet', 'datadir': '../data/', 'partition': 'iid', 'alg': 'sflv1', 'model': 'mobilenetv3', 'split_layer': 1, 'n_parties': 100, 'lr': 0.001, 'mu': 1, 'std_coeff': 2.5, 'unif_coeff': 0.5, 'batch_size': 64, 'load_first_net': 1, 'pool_option': 'FIFO', 'model_buffer_size': 1, 'optimizer': 'adam', 'simp_width': 1, 'out_dim': 256, 'reg': 0.0005, 'temperature': 0.5, 'logdir': './', 'log_file_name': 'logs/experiment_log-alg=sflv1_partition=iid_lr=0.001_epochs=5_num_users=100_beta=0.01_batch_size=64_opt=adam_dataset=tinyimagenet_2024-04-18-1427-39', 'seed': 1, 'device': 'cuda:1', 'accuracies_file': 'logs/mobilenetv3_tinyimagenet.csv', 'dont_skip': False, 'n_train_workers': 1, 'n_test_workers': 1, 'arch': 'mobilenet_v3_large', 'multiprocessing': 0}"
64,0.0,0.0,0.0,0.0,0.33599,0.2922,0.61903,0.5632,"{'epochs': 5, 'comm_round': 300, 'sample_fraction': 1.0, 'alpha': 0.01, 'dataset': 'tinyimagenet', 'datadir': '../data/', 'partition': 'iid', 'alg': 'sflv1', 'model': 'mobilenetv3', 'split_layer': 1, 'n_parties': 100, 'lr': 0.001, 'mu': 1, 'std_coeff': 2.5, 'unif_coeff': 0.5, 'batch_size': 64, 'load_first_net': 1, 'pool_option': 'FIFO', 'model_buffer_size': 1, 'optimizer': 'adam', 'simp_width': 1, 'out_dim': 256, 'reg': 0.0005, 'temperature': 0.5, 'logdir': './', 'log_file_name': 'logs/experiment_log-alg=sflv1_partition=iid_lr=0.001_epochs=5_num_users=100_beta=0.01_batch_size=64_opt=adam_dataset=tinyimagenet_2024-04-18-1427-39', 'seed': 1, 'device': 'cuda:1', 'accuracies_file': 'logs/mobilenetv3_tinyimagenet.csv', 'dont_skip': False, 'n_train_workers': 1, 'n_test_workers': 1, 'arch': 'mobilenet_v3_large', 'multiprocessing': 0}"
65,0.0,0.0,0.0,0.0,0.33599,0.2922,0.61903,0.5632,"{'epochs': 5, 'comm_round': 300, 'sample_fraction': 1.0, 'alpha': 0.01, 'dataset': 'tinyimagenet', 'datadir': '../data/', 'partition': 'iid', 'alg': 'sflv1', 'model': 'mobilenetv3', 'split_layer': 1, 'n_parties': 100, 'lr': 0.001, 'mu': 1, 'std_coeff': 2.5, 'unif_coeff': 0.5, 'batch_size': 64, 'load_first_net': 1, 'pool_option': 'FIFO', 'model_buffer_size': 1, 'optimizer': 'adam', 'simp_width': 1, 'out_dim': 256, 'reg': 0.0005, 'temperature': 0.5, 'logdir': './', 'log_file_name': 'logs/experiment_log-alg=sflv1_partition=iid_lr=0.001_epochs=5_num_users=100_beta=0.01_batch_size=64_opt=adam_dataset=tinyimagenet_2024-04-18-1427-39', 'seed': 1, 'device': 'cuda:1', 'accuracies_file': 'logs/mobilenetv3_tinyimagenet.csv', 'dont_skip': False, 'n_train_workers': 1, 'n_test_workers': 1, 'arch': 'mobilenet_v3_large', 'multiprocessing': 0}"
66,0.0,0.0,0.0,0.0,0.33599,0.2922,0.61903,0.5632,"{'epochs': 5, 'comm_round': 300, 'sample_fraction': 1.0, 'alpha': 0.01, 'dataset': 'tinyimagenet', 'datadir': '../data/', 'partition': 'iid', 'alg': 'sflv1', 'model': 'mobilenetv3', 'split_layer': 1, 'n_parties': 100, 'lr': 0.001, 'mu': 1, 'std_coeff': 2.5, 'unif_coeff': 0.5, 'batch_size': 64, 'load_first_net': 1, 'pool_option': 'FIFO', 'model_buffer_size': 1, 'optimizer': 'adam', 'simp_width': 1, 'out_dim': 256, 'reg': 0.0005, 'temperature': 0.5, 'logdir': './', 'log_file_name': 'logs/experiment_log-alg=sflv1_partition=iid_lr=0.001_epochs=5_num_users=100_beta=0.01_batch_size=64_opt=adam_dataset=tinyimagenet_2024-04-18-1427-39', 'seed': 1, 'device': 'cuda:1', 'accuracies_file': 'logs/mobilenetv3_tinyimagenet.csv', 'dont_skip': False, 'n_train_workers': 1, 'n_test_workers': 1, 'arch': 'mobilenet_v3_large', 'multiprocessing': 0}"
67,0.0,0.0,0.0,0.0,0.33599,0.2922,0.61903,0.5632,"{'epochs': 5, 'comm_round': 300, 'sample_fraction': 1.0, 'alpha': 0.01, 'dataset': 'tinyimagenet', 'datadir': '../data/', 'partition': 'iid', 'alg': 'sflv1', 'model': 'mobilenetv3', 'split_layer': 1, 'n_parties': 100, 'lr': 0.001, 'mu': 1, 'std_coeff': 2.5, 'unif_coeff': 0.5, 'batch_size': 64, 'load_first_net': 1, 'pool_option': 'FIFO', 'model_buffer_size': 1, 'optimizer': 'adam', 'simp_width': 1, 'out_dim': 256, 'reg': 0.0005, 'temperature': 0.5, 'logdir': './', 'log_file_name': 'logs/experiment_log-alg=sflv1_partition=iid_lr=0.001_epochs=5_num_users=100_beta=0.01_batch_size=64_opt=adam_dataset=tinyimagenet_2024-04-18-1427-39', 'seed': 1, 'device': 'cuda:1', 'accuracies_file': 'logs/mobilenetv3_tinyimagenet.csv', 'dont_skip': False, 'n_train_workers': 1, 'n_test_workers': 1, 'arch': 'mobilenet_v3_large', 'multiprocessing': 0}"
68,0.0,0.0,0.0,0.0,0.33599,0.2922,0.61903,0.5632,"{'epochs': 5, 'comm_round': 300, 'sample_fraction': 1.0, 'alpha': 0.01, 'dataset': 'tinyimagenet', 'datadir': '../data/', 'partition': 'iid', 'alg': 'sflv1', 'model': 'mobilenetv3', 'split_layer': 1, 'n_parties': 100, 'lr': 0.001, 'mu': 1, 'std_coeff': 2.5, 'unif_coeff': 0.5, 'batch_size': 64, 'load_first_net': 1, 'pool_option': 'FIFO', 'model_buffer_size': 1, 'optimizer': 'adam', 'simp_width': 1, 'out_dim': 256, 'reg': 0.0005, 'temperature': 0.5, 'logdir': './', 'log_file_name': 'logs/experiment_log-alg=sflv1_partition=iid_lr=0.001_epochs=5_num_users=100_beta=0.01_batch_size=64_opt=adam_dataset=tinyimagenet_2024-04-18-1427-39', 'seed': 1, 'device': 'cuda:1', 'accuracies_file': 'logs/mobilenetv3_tinyimagenet.csv', 'dont_skip': False, 'n_train_workers': 1, 'n_test_workers': 1, 'arch': 'mobilenet_v3_large', 'multiprocessing': 0}"
69,0.0,0.0,0.0,0.0,0.33599,0.2922,0.61903,0.5632,"{'epochs': 5, 'comm_round': 300, 'sample_fraction': 1.0, 'alpha': 0.01, 'dataset': 'tinyimagenet', 'datadir': '../data/', 'partition': 'iid', 'alg': 'sflv1', 'model': 'mobilenetv3', 'split_layer': 1, 'n_parties': 100, 'lr': 0.001, 'mu': 1, 'std_coeff': 2.5, 'unif_coeff': 0.5, 'batch_size': 64, 'load_first_net': 1, 'pool_option': 'FIFO', 'model_buffer_size': 1, 'optimizer': 'adam', 'simp_width': 1, 'out_dim': 256, 'reg': 0.0005, 'temperature': 0.5, 'logdir': './', 'log_file_name': 'logs/experiment_log-alg=sflv1_partition=iid_lr=0.001_epochs=5_num_users=100_beta=0.01_batch_size=64_opt=adam_dataset=tinyimagenet_2024-04-18-1427-39', 'seed': 1, 'device': 'cuda:1', 'accuracies_file': 'logs/mobilenetv3_tinyimagenet.csv', 'dont_skip': False, 'n_train_workers': 1, 'n_test_workers': 1, 'arch': 'mobilenet_v3_large', 'multiprocessing': 0}"
70,0.0,0.0,0.0,0.0,0.33599,0.2922,0.61903,0.5632,"{'epochs': 5, 'comm_round': 300, 'sample_fraction': 1.0, 'alpha': 0.01, 'dataset': 'tinyimagenet', 'datadir': '../data/', 'partition': 'iid', 'alg': 'sflv1', 'model': 'mobilenetv3', 'split_layer': 1, 'n_parties': 100, 'lr': 0.001, 'mu': 1, 'std_coeff': 2.5, 'unif_coeff': 0.5, 'batch_size': 64, 'load_first_net': 1, 'pool_option': 'FIFO', 'model_buffer_size': 1, 'optimizer': 'adam', 'simp_width': 1, 'out_dim': 256, 'reg': 0.0005, 'temperature': 0.5, 'logdir': './', 'log_file_name': 'logs/experiment_log-alg=sflv1_partition=iid_lr=0.001_epochs=5_num_users=100_beta=0.01_batch_size=64_opt=adam_dataset=tinyimagenet_2024-04-18-1427-39', 'seed': 1, 'device': 'cuda:1', 'accuracies_file': 'logs/mobilenetv3_tinyimagenet.csv', 'dont_skip': False, 'n_train_workers': 1, 'n_test_workers': 1, 'arch': 'mobilenet_v3_large', 'multiprocessing': 0}"
71,0.0,0.0,0.0,0.0,0.33599,0.2922,0.61903,0.5632,"{'epochs': 5, 'comm_round': 300, 'sample_fraction': 1.0, 'alpha': 0.01, 'dataset': 'tinyimagenet', 'datadir': '../data/', 'partition': 'iid', 'alg': 'sflv1', 'model': 'mobilenetv3', 'split_layer': 1, 'n_parties': 100, 'lr': 0.001, 'mu': 1, 'std_coeff': 2.5, 'unif_coeff': 0.5, 'batch_size': 64, 'load_first_net': 1, 'pool_option': 'FIFO', 'model_buffer_size': 1, 'optimizer': 'adam', 'simp_width': 1, 'out_dim': 256, 'reg': 0.0005, 'temperature': 0.5, 'logdir': './', 'log_file_name': 'logs/experiment_log-alg=sflv1_partition=iid_lr=0.001_epochs=5_num_users=100_beta=0.01_batch_size=64_opt=adam_dataset=tinyimagenet_2024-04-18-1427-39', 'seed': 1, 'device': 'cuda:1', 'accuracies_file': 'logs/mobilenetv3_tinyimagenet.csv', 'dont_skip': False, 'n_train_workers': 1, 'n_test_workers': 1, 'arch': 'mobilenet_v3_large', 'multiprocessing': 0}"
72,0.0,0.0,0.0,0.0,0.33599,0.2922,0.61903,0.5632,"{'epochs': 5, 'comm_round': 300, 'sample_fraction': 1.0, 'alpha': 0.01, 'dataset': 'tinyimagenet', 'datadir': '../data/', 'partition': 'iid', 'alg': 'sflv1', 'model': 'mobilenetv3', 'split_layer': 1, 'n_parties': 100, 'lr': 0.001, 'mu': 1, 'std_coeff': 2.5, 'unif_coeff': 0.5, 'batch_size': 64, 'load_first_net': 1, 'pool_option': 'FIFO', 'model_buffer_size': 1, 'optimizer': 'adam', 'simp_width': 1, 'out_dim': 256, 'reg': 0.0005, 'temperature': 0.5, 'logdir': './', 'log_file_name': 'logs/experiment_log-alg=sflv1_partition=iid_lr=0.001_epochs=5_num_users=100_beta=0.01_batch_size=64_opt=adam_dataset=tinyimagenet_2024-04-18-1427-39', 'seed': 1, 'device': 'cuda:1', 'accuracies_file': 'logs/mobilenetv3_tinyimagenet.csv', 'dont_skip': False, 'n_train_workers': 1, 'n_test_workers': 1, 'arch': 'mobilenet_v3_large', 'multiprocessing': 0}"
73,0.0,0.0,0.0,0.0,0.33599,0.2922,0.61903,0.5632,"{'epochs': 5, 'comm_round': 300, 'sample_fraction': 1.0, 'alpha': 0.01, 'dataset': 'tinyimagenet', 'datadir': '../data/', 'partition': 'iid', 'alg': 'sflv1', 'model': 'mobilenetv3', 'split_layer': 1, 'n_parties': 100, 'lr': 0.001, 'mu': 1, 'std_coeff': 2.5, 'unif_coeff': 0.5, 'batch_size': 64, 'load_first_net': 1, 'pool_option': 'FIFO', 'model_buffer_size': 1, 'optimizer': 'adam', 'simp_width': 1, 'out_dim': 256, 'reg': 0.0005, 'temperature': 0.5, 'logdir': './', 'log_file_name': 'logs/experiment_log-alg=sflv1_partition=iid_lr=0.001_epochs=5_num_users=100_beta=0.01_batch_size=64_opt=adam_dataset=tinyimagenet_2024-04-18-1427-39', 'seed': 1, 'device': 'cuda:1', 'accuracies_file': 'logs/mobilenetv3_tinyimagenet.csv', 'dont_skip': False, 'n_train_workers': 1, 'n_test_workers': 1, 'arch': 'mobilenet_v3_large', 'multiprocessing': 0}"
74,0.0,0.0,0.0,0.0,0.33599,0.2922,0.61903,0.5632,"{'epochs': 5, 'comm_round': 300, 'sample_fraction': 1.0, 'alpha': 0.01, 'dataset': 'tinyimagenet', 'datadir': '../data/', 'partition': 'iid', 'alg': 'sflv1', 'model': 'mobilenetv3', 'split_layer': 1, 'n_parties': 100, 'lr': 0.001, 'mu': 1, 'std_coeff': 2.5, 'unif_coeff': 0.5, 'batch_size': 64, 'load_first_net': 1, 'pool_option': 'FIFO', 'model_buffer_size': 1, 'optimizer': 'adam', 'simp_width': 1, 'out_dim': 256, 'reg': 0.0005, 'temperature': 0.5, 'logdir': './', 'log_file_name': 'logs/experiment_log-alg=sflv1_partition=iid_lr=0.001_epochs=5_num_users=100_beta=0.01_batch_size=64_opt=adam_dataset=tinyimagenet_2024-04-18-1427-39', 'seed': 1, 'device': 'cuda:1', 'accuracies_file': 'logs/mobilenetv3_tinyimagenet.csv', 'dont_skip': False, 'n_train_workers': 1, 'n_test_workers': 1, 'arch': 'mobilenet_v3_large', 'multiprocessing': 0}"
75,0.0,0.0,0.0,0.0,0.33599,0.2922,0.61903,0.5632,"{'epochs': 5, 'comm_round': 300, 'sample_fraction': 1.0, 'alpha': 0.01, 'dataset': 'tinyimagenet', 'datadir': '../data/', 'partition': 'iid', 'alg': 'sflv1', 'model': 'mobilenetv3', 'split_layer': 1, 'n_parties': 100, 'lr': 0.001, 'mu': 1, 'std_coeff': 2.5, 'unif_coeff': 0.5, 'batch_size': 64, 'load_first_net': 1, 'pool_option': 'FIFO', 'model_buffer_size': 1, 'optimizer': 'adam', 'simp_width': 1, 'out_dim': 256, 'reg': 0.0005, 'temperature': 0.5, 'logdir': './', 'log_file_name': 'logs/experiment_log-alg=sflv1_partition=iid_lr=0.001_epochs=5_num_users=100_beta=0.01_batch_size=64_opt=adam_dataset=tinyimagenet_2024-04-18-1427-39', 'seed': 1, 'device': 'cuda:1', 'accuracies_file': 'logs/mobilenetv3_tinyimagenet.csv', 'dont_skip': False, 'n_train_workers': 1, 'n_test_workers': 1, 'arch': 'mobilenet_v3_large', 'multiprocessing': 0}"
76,0.0,0.0,0.0,0.0,0.33599,0.2922,0.61903,0.5632,"{'epochs': 5, 'comm_round': 300, 'sample_fraction': 1.0, 'alpha': 0.01, 'dataset': 'tinyimagenet', 'datadir': '../data/', 'partition': 'iid', 'alg': 'sflv1', 'model': 'mobilenetv3', 'split_layer': 1, 'n_parties': 100, 'lr': 0.001, 'mu': 1, 'std_coeff': 2.5, 'unif_coeff': 0.5, 'batch_size': 64, 'load_first_net': 1, 'pool_option': 'FIFO', 'model_buffer_size': 1, 'optimizer': 'adam', 'simp_width': 1, 'out_dim': 256, 'reg': 0.0005, 'temperature': 0.5, 'logdir': './', 'log_file_name': 'logs/experiment_log-alg=sflv1_partition=iid_lr=0.001_epochs=5_num_users=100_beta=0.01_batch_size=64_opt=adam_dataset=tinyimagenet_2024-04-18-1427-39', 'seed': 1, 'device': 'cuda:1', 'accuracies_file': 'logs/mobilenetv3_tinyimagenet.csv', 'dont_skip': False, 'n_train_workers': 1, 'n_test_workers': 1, 'arch': 'mobilenet_v3_large', 'multiprocessing': 0}"
77,0.0,0.0,0.0,0.0,0.33599,0.2922,0.61903,0.5632,"{'epochs': 5, 'comm_round': 300, 'sample_fraction': 1.0, 'alpha': 0.01, 'dataset': 'tinyimagenet', 'datadir': '../data/', 'partition': 'iid', 'alg': 'sflv1', 'model': 'mobilenetv3', 'split_layer': 1, 'n_parties': 100, 'lr': 0.001, 'mu': 1, 'std_coeff': 2.5, 'unif_coeff': 0.5, 'batch_size': 64, 'load_first_net': 1, 'pool_option': 'FIFO', 'model_buffer_size': 1, 'optimizer': 'adam', 'simp_width': 1, 'out_dim': 256, 'reg': 0.0005, 'temperature': 0.5, 'logdir': './', 'log_file_name': 'logs/experiment_log-alg=sflv1_partition=iid_lr=0.001_epochs=5_num_users=100_beta=0.01_batch_size=64_opt=adam_dataset=tinyimagenet_2024-04-18-1427-39', 'seed': 1, 'device': 'cuda:1', 'accuracies_file': 'logs/mobilenetv3_tinyimagenet.csv', 'dont_skip': False, 'n_train_workers': 1, 'n_test_workers': 1, 'arch': 'mobilenet_v3_large', 'multiprocessing': 0}"
78,0.0,0.0,0.0,0.0,0.33599,0.2922,0.61903,0.5632,"{'epochs': 5, 'comm_round': 300, 'sample_fraction': 1.0, 'alpha': 0.01, 'dataset': 'tinyimagenet', 'datadir': '../data/', 'partition': 'iid', 'alg': 'sflv1', 'model': 'mobilenetv3', 'split_layer': 1, 'n_parties': 100, 'lr': 0.001, 'mu': 1, 'std_coeff': 2.5, 'unif_coeff': 0.5, 'batch_size': 64, 'load_first_net': 1, 'pool_option': 'FIFO', 'model_buffer_size': 1, 'optimizer': 'adam', 'simp_width': 1, 'out_dim': 256, 'reg': 0.0005, 'temperature': 0.5, 'logdir': './', 'log_file_name': 'logs/experiment_log-alg=sflv1_partition=iid_lr=0.001_epochs=5_num_users=100_beta=0.01_batch_size=64_opt=adam_dataset=tinyimagenet_2024-04-18-1427-39', 'seed': 1, 'device': 'cuda:1', 'accuracies_file': 'logs/mobilenetv3_tinyimagenet.csv', 'dont_skip': False, 'n_train_workers': 1, 'n_test_workers': 1, 'arch': 'mobilenet_v3_large', 'multiprocessing': 0}"
79,0.0,0.0,0.0,0.0,0.33599,0.2922,0.61903,0.5632,"{'epochs': 5, 'comm_round': 300, 'sample_fraction': 1.0, 'alpha': 0.01, 'dataset': 'tinyimagenet', 'datadir': '../data/', 'partition': 'iid', 'alg': 'sflv1', 'model': 'mobilenetv3', 'split_layer': 1, 'n_parties': 100, 'lr': 0.001, 'mu': 1, 'std_coeff': 2.5, 'unif_coeff': 0.5, 'batch_size': 64, 'load_first_net': 1, 'pool_option': 'FIFO', 'model_buffer_size': 1, 'optimizer': 'adam', 'simp_width': 1, 'out_dim': 256, 'reg': 0.0005, 'temperature': 0.5, 'logdir': './', 'log_file_name': 'logs/experiment_log-alg=sflv1_partition=iid_lr=0.001_epochs=5_num_users=100_beta=0.01_batch_size=64_opt=adam_dataset=tinyimagenet_2024-04-18-1427-39', 'seed': 1, 'device': 'cuda:1', 'accuracies_file': 'logs/mobilenetv3_tinyimagenet.csv', 'dont_skip': False, 'n_train_workers': 1, 'n_test_workers': 1, 'arch': 'mobilenet_v3_large', 'multiprocessing': 0}"
80,0.0,0.0,0.0,0.0,0.33599,0.2922,0.61903,0.5632,"{'epochs': 5, 'comm_round': 300, 'sample_fraction': 1.0, 'alpha': 0.01, 'dataset': 'tinyimagenet', 'datadir': '../data/', 'partition': 'iid', 'alg': 'sflv1', 'model': 'mobilenetv3', 'split_layer': 1, 'n_parties': 100, 'lr': 0.001, 'mu': 1, 'std_coeff': 2.5, 'unif_coeff': 0.5, 'batch_size': 64, 'load_first_net': 1, 'pool_option': 'FIFO', 'model_buffer_size': 1, 'optimizer': 'adam', 'simp_width': 1, 'out_dim': 256, 'reg': 0.0005, 'temperature': 0.5, 'logdir': './', 'log_file_name': 'logs/experiment_log-alg=sflv1_partition=iid_lr=0.001_epochs=5_num_users=100_beta=0.01_batch_size=64_opt=adam_dataset=tinyimagenet_2024-04-18-1427-39', 'seed': 1, 'device': 'cuda:1', 'accuracies_file': 'logs/mobilenetv3_tinyimagenet.csv', 'dont_skip': False, 'n_train_workers': 1, 'n_test_workers': 1, 'arch': 'mobilenet_v3_large', 'multiprocessing': 0}"
81,0.0,0.0,0.0,0.0,0.33599,0.2922,0.61903,0.5632,"{'epochs': 5, 'comm_round': 300, 'sample_fraction': 1.0, 'alpha': 0.01, 'dataset': 'tinyimagenet', 'datadir': '../data/', 'partition': 'iid', 'alg': 'sflv1', 'model': 'mobilenetv3', 'split_layer': 1, 'n_parties': 100, 'lr': 0.001, 'mu': 1, 'std_coeff': 2.5, 'unif_coeff': 0.5, 'batch_size': 64, 'load_first_net': 1, 'pool_option': 'FIFO', 'model_buffer_size': 1, 'optimizer': 'adam', 'simp_width': 1, 'out_dim': 256, 'reg': 0.0005, 'temperature': 0.5, 'logdir': './', 'log_file_name': 'logs/experiment_log-alg=sflv1_partition=iid_lr=0.001_epochs=5_num_users=100_beta=0.01_batch_size=64_opt=adam_dataset=tinyimagenet_2024-04-18-1427-39', 'seed': 1, 'device': 'cuda:1', 'accuracies_file': 'logs/mobilenetv3_tinyimagenet.csv', 'dont_skip': False, 'n_train_workers': 1, 'n_test_workers': 1, 'arch': 'mobilenet_v3_large', 'multiprocessing': 0}"
82,0.0,0.0,0.0,0.0,0.33599,0.2922,0.61903,0.5632,"{'epochs': 5, 'comm_round': 300, 'sample_fraction': 1.0, 'alpha': 0.01, 'dataset': 'tinyimagenet', 'datadir': '../data/', 'partition': 'iid', 'alg': 'sflv1', 'model': 'mobilenetv3', 'split_layer': 1, 'n_parties': 100, 'lr': 0.001, 'mu': 1, 'std_coeff': 2.5, 'unif_coeff': 0.5, 'batch_size': 64, 'load_first_net': 1, 'pool_option': 'FIFO', 'model_buffer_size': 1, 'optimizer': 'adam', 'simp_width': 1, 'out_dim': 256, 'reg': 0.0005, 'temperature': 0.5, 'logdir': './', 'log_file_name': 'logs/experiment_log-alg=sflv1_partition=iid_lr=0.001_epochs=5_num_users=100_beta=0.01_batch_size=64_opt=adam_dataset=tinyimagenet_2024-04-18-1427-39', 'seed': 1, 'device': 'cuda:1', 'accuracies_file': 'logs/mobilenetv3_tinyimagenet.csv', 'dont_skip': False, 'n_train_workers': 1, 'n_test_workers': 1, 'arch': 'mobilenet_v3_large', 'multiprocessing': 0}"
83,0.0,0.0,0.0,0.0,0.33599,0.2922,0.61903,0.5632,"{'epochs': 5, 'comm_round': 300, 'sample_fraction': 1.0, 'alpha': 0.01, 'dataset': 'tinyimagenet', 'datadir': '../data/', 'partition': 'iid', 'alg': 'sflv1', 'model': 'mobilenetv3', 'split_layer': 1, 'n_parties': 100, 'lr': 0.001, 'mu': 1, 'std_coeff': 2.5, 'unif_coeff': 0.5, 'batch_size': 64, 'load_first_net': 1, 'pool_option': 'FIFO', 'model_buffer_size': 1, 'optimizer': 'adam', 'simp_width': 1, 'out_dim': 256, 'reg': 0.0005, 'temperature': 0.5, 'logdir': './', 'log_file_name': 'logs/experiment_log-alg=sflv1_partition=iid_lr=0.001_epochs=5_num_users=100_beta=0.01_batch_size=64_opt=adam_dataset=tinyimagenet_2024-04-18-1427-39', 'seed': 1, 'device': 'cuda:1', 'accuracies_file': 'logs/mobilenetv3_tinyimagenet.csv', 'dont_skip': False, 'n_train_workers': 1, 'n_test_workers': 1, 'arch': 'mobilenet_v3_large', 'multiprocessing': 0}"
84,0.0,0.0,0.0,0.0,0.33599,0.2922,0.61903,0.5632,"{'epochs': 5, 'comm_round': 300, 'sample_fraction': 1.0, 'alpha': 0.01, 'dataset': 'tinyimagenet', 'datadir': '../data/', 'partition': 'iid', 'alg': 'sflv1', 'model': 'mobilenetv3', 'split_layer': 1, 'n_parties': 100, 'lr': 0.001, 'mu': 1, 'std_coeff': 2.5, 'unif_coeff': 0.5, 'batch_size': 64, 'load_first_net': 1, 'pool_option': 'FIFO', 'model_buffer_size': 1, 'optimizer': 'adam', 'simp_width': 1, 'out_dim': 256, 'reg': 0.0005, 'temperature': 0.5, 'logdir': './', 'log_file_name': 'logs/experiment_log-alg=sflv1_partition=iid_lr=0.001_epochs=5_num_users=100_beta=0.01_batch_size=64_opt=adam_dataset=tinyimagenet_2024-04-18-1427-39', 'seed': 1, 'device': 'cuda:1', 'accuracies_file': 'logs/mobilenetv3_tinyimagenet.csv', 'dont_skip': False, 'n_train_workers': 1, 'n_test_workers': 1, 'arch': 'mobilenet_v3_large', 'multiprocessing': 0}"
85,0.0,0.0,0.0,0.0,0.33599,0.2922,0.61903,0.5632,"{'epochs': 5, 'comm_round': 300, 'sample_fraction': 1.0, 'alpha': 0.01, 'dataset': 'tinyimagenet', 'datadir': '../data/', 'partition': 'iid', 'alg': 'sflv1', 'model': 'mobilenetv3', 'split_layer': 1, 'n_parties': 100, 'lr': 0.001, 'mu': 1, 'std_coeff': 2.5, 'unif_coeff': 0.5, 'batch_size': 64, 'load_first_net': 1, 'pool_option': 'FIFO', 'model_buffer_size': 1, 'optimizer': 'adam', 'simp_width': 1, 'out_dim': 256, 'reg': 0.0005, 'temperature': 0.5, 'logdir': './', 'log_file_name': 'logs/experiment_log-alg=sflv1_partition=iid_lr=0.001_epochs=5_num_users=100_beta=0.01_batch_size=64_opt=adam_dataset=tinyimagenet_2024-04-18-1427-39', 'seed': 1, 'device': 'cuda:1', 'accuracies_file': 'logs/mobilenetv3_tinyimagenet.csv', 'dont_skip': False, 'n_train_workers': 1, 'n_test_workers': 1, 'arch': 'mobilenet_v3_large', 'multiprocessing': 0}"
86,0.0,0.0,0.0,0.0,0.33599,0.2922,0.61903,0.5632,"{'epochs': 5, 'comm_round': 300, 'sample_fraction': 1.0, 'alpha': 0.01, 'dataset': 'tinyimagenet', 'datadir': '../data/', 'partition': 'iid', 'alg': 'sflv1', 'model': 'mobilenetv3', 'split_layer': 1, 'n_parties': 100, 'lr': 0.001, 'mu': 1, 'std_coeff': 2.5, 'unif_coeff': 0.5, 'batch_size': 64, 'load_first_net': 1, 'pool_option': 'FIFO', 'model_buffer_size': 1, 'optimizer': 'adam', 'simp_width': 1, 'out_dim': 256, 'reg': 0.0005, 'temperature': 0.5, 'logdir': './', 'log_file_name': 'logs/experiment_log-alg=sflv1_partition=iid_lr=0.001_epochs=5_num_users=100_beta=0.01_batch_size=64_opt=adam_dataset=tinyimagenet_2024-04-18-1427-39', 'seed': 1, 'device': 'cuda:1', 'accuracies_file': 'logs/mobilenetv3_tinyimagenet.csv', 'dont_skip': False, 'n_train_workers': 1, 'n_test_workers': 1, 'arch': 'mobilenet_v3_large', 'multiprocessing': 0}"
87,0.0,0.0,0.0,0.0,0.33599,0.2922,0.61903,0.5632,"{'epochs': 5, 'comm_round': 300, 'sample_fraction': 1.0, 'alpha': 0.01, 'dataset': 'tinyimagenet', 'datadir': '../data/', 'partition': 'iid', 'alg': 'sflv1', 'model': 'mobilenetv3', 'split_layer': 1, 'n_parties': 100, 'lr': 0.001, 'mu': 1, 'std_coeff': 2.5, 'unif_coeff': 0.5, 'batch_size': 64, 'load_first_net': 1, 'pool_option': 'FIFO', 'model_buffer_size': 1, 'optimizer': 'adam', 'simp_width': 1, 'out_dim': 256, 'reg': 0.0005, 'temperature': 0.5, 'logdir': './', 'log_file_name': 'logs/experiment_log-alg=sflv1_partition=iid_lr=0.001_epochs=5_num_users=100_beta=0.01_batch_size=64_opt=adam_dataset=tinyimagenet_2024-04-18-1427-39', 'seed': 1, 'device': 'cuda:1', 'accuracies_file': 'logs/mobilenetv3_tinyimagenet.csv', 'dont_skip': False, 'n_train_workers': 1, 'n_test_workers': 1, 'arch': 'mobilenet_v3_large', 'multiprocessing': 0}"
88,0.0,0.0,0.0,0.0,0.33599,0.2922,0.61903,0.5632,"{'epochs': 5, 'comm_round': 300, 'sample_fraction': 1.0, 'alpha': 0.01, 'dataset': 'tinyimagenet', 'datadir': '../data/', 'partition': 'iid', 'alg': 'sflv1', 'model': 'mobilenetv3', 'split_layer': 1, 'n_parties': 100, 'lr': 0.001, 'mu': 1, 'std_coeff': 2.5, 'unif_coeff': 0.5, 'batch_size': 64, 'load_first_net': 1, 'pool_option': 'FIFO', 'model_buffer_size': 1, 'optimizer': 'adam', 'simp_width': 1, 'out_dim': 256, 'reg': 0.0005, 'temperature': 0.5, 'logdir': './', 'log_file_name': 'logs/experiment_log-alg=sflv1_partition=iid_lr=0.001_epochs=5_num_users=100_beta=0.01_batch_size=64_opt=adam_dataset=tinyimagenet_2024-04-18-1427-39', 'seed': 1, 'device': 'cuda:1', 'accuracies_file': 'logs/mobilenetv3_tinyimagenet.csv', 'dont_skip': False, 'n_train_workers': 1, 'n_test_workers': 1, 'arch': 'mobilenet_v3_large', 'multiprocessing': 0}"
89,0.0,0.0,0.0,0.0,0.33599,0.2922,0.61903,0.5632,"{'epochs': 5, 'comm_round': 300, 'sample_fraction': 1.0, 'alpha': 0.01, 'dataset': 'tinyimagenet', 'datadir': '../data/', 'partition': 'iid', 'alg': 'sflv1', 'model': 'mobilenetv3', 'split_layer': 1, 'n_parties': 100, 'lr': 0.001, 'mu': 1, 'std_coeff': 2.5, 'unif_coeff': 0.5, 'batch_size': 64, 'load_first_net': 1, 'pool_option': 'FIFO', 'model_buffer_size': 1, 'optimizer': 'adam', 'simp_width': 1, 'out_dim': 256, 'reg': 0.0005, 'temperature': 0.5, 'logdir': './', 'log_file_name': 'logs/experiment_log-alg=sflv1_partition=iid_lr=0.001_epochs=5_num_users=100_beta=0.01_batch_size=64_opt=adam_dataset=tinyimagenet_2024-04-18-1427-39', 'seed': 1, 'device': 'cuda:1', 'accuracies_file': 'logs/mobilenetv3_tinyimagenet.csv', 'dont_skip': False, 'n_train_workers': 1, 'n_test_workers': 1, 'arch': 'mobilenet_v3_large', 'multiprocessing': 0}"
90,0.0,0.0,0.0,0.0,0.33599,0.2922,0.61903,0.5632,"{'epochs': 5, 'comm_round': 300, 'sample_fraction': 1.0, 'alpha': 0.01, 'dataset': 'tinyimagenet', 'datadir': '../data/', 'partition': 'iid', 'alg': 'sflv1', 'model': 'mobilenetv3', 'split_layer': 1, 'n_parties': 100, 'lr': 0.001, 'mu': 1, 'std_coeff': 2.5, 'unif_coeff': 0.5, 'batch_size': 64, 'load_first_net': 1, 'pool_option': 'FIFO', 'model_buffer_size': 1, 'optimizer': 'adam', 'simp_width': 1, 'out_dim': 256, 'reg': 0.0005, 'temperature': 0.5, 'logdir': './', 'log_file_name': 'logs/experiment_log-alg=sflv1_partition=iid_lr=0.001_epochs=5_num_users=100_beta=0.01_batch_size=64_opt=adam_dataset=tinyimagenet_2024-04-18-1427-39', 'seed': 1, 'device': 'cuda:1', 'accuracies_file': 'logs/mobilenetv3_tinyimagenet.csv', 'dont_skip': False, 'n_train_workers': 1, 'n_test_workers': 1, 'arch': 'mobilenet_v3_large', 'multiprocessing': 0}"
91,0.0,0.0,0.0,0.0,0.33599,0.2922,0.61903,0.5632,"{'epochs': 5, 'comm_round': 300, 'sample_fraction': 1.0, 'alpha': 0.01, 'dataset': 'tinyimagenet', 'datadir': '../data/', 'partition': 'iid', 'alg': 'sflv1', 'model': 'mobilenetv3', 'split_layer': 1, 'n_parties': 100, 'lr': 0.001, 'mu': 1, 'std_coeff': 2.5, 'unif_coeff': 0.5, 'batch_size': 64, 'load_first_net': 1, 'pool_option': 'FIFO', 'model_buffer_size': 1, 'optimizer': 'adam', 'simp_width': 1, 'out_dim': 256, 'reg': 0.0005, 'temperature': 0.5, 'logdir': './', 'log_file_name': 'logs/experiment_log-alg=sflv1_partition=iid_lr=0.001_epochs=5_num_users=100_beta=0.01_batch_size=64_opt=adam_dataset=tinyimagenet_2024-04-18-1427-39', 'seed': 1, 'device': 'cuda:1', 'accuracies_file': 'logs/mobilenetv3_tinyimagenet.csv', 'dont_skip': False, 'n_train_workers': 1, 'n_test_workers': 1, 'arch': 'mobilenet_v3_large', 'multiprocessing': 0}"
92,0.0,0.0,0.0,0.0,0.33599,0.2922,0.61903,0.5632,"{'epochs': 5, 'comm_round': 300, 'sample_fraction': 1.0, 'alpha': 0.01, 'dataset': 'tinyimagenet', 'datadir': '../data/', 'partition': 'iid', 'alg': 'sflv1', 'model': 'mobilenetv3', 'split_layer': 1, 'n_parties': 100, 'lr': 0.001, 'mu': 1, 'std_coeff': 2.5, 'unif_coeff': 0.5, 'batch_size': 64, 'load_first_net': 1, 'pool_option': 'FIFO', 'model_buffer_size': 1, 'optimizer': 'adam', 'simp_width': 1, 'out_dim': 256, 'reg': 0.0005, 'temperature': 0.5, 'logdir': './', 'log_file_name': 'logs/experiment_log-alg=sflv1_partition=iid_lr=0.001_epochs=5_num_users=100_beta=0.01_batch_size=64_opt=adam_dataset=tinyimagenet_2024-04-18-1427-39', 'seed': 1, 'device': 'cuda:1', 'accuracies_file': 'logs/mobilenetv3_tinyimagenet.csv', 'dont_skip': False, 'n_train_workers': 1, 'n_test_workers': 1, 'arch': 'mobilenet_v3_large', 'multiprocessing': 0}"
93,0.0,0.0,0.0,0.0,0.33599,0.2922,0.61903,0.5632,"{'epochs': 5, 'comm_round': 300, 'sample_fraction': 1.0, 'alpha': 0.01, 'dataset': 'tinyimagenet', 'datadir': '../data/', 'partition': 'iid', 'alg': 'sflv1', 'model': 'mobilenetv3', 'split_layer': 1, 'n_parties': 100, 'lr': 0.001, 'mu': 1, 'std_coeff': 2.5, 'unif_coeff': 0.5, 'batch_size': 64, 'load_first_net': 1, 'pool_option': 'FIFO', 'model_buffer_size': 1, 'optimizer': 'adam', 'simp_width': 1, 'out_dim': 256, 'reg': 0.0005, 'temperature': 0.5, 'logdir': './', 'log_file_name': 'logs/experiment_log-alg=sflv1_partition=iid_lr=0.001_epochs=5_num_users=100_beta=0.01_batch_size=64_opt=adam_dataset=tinyimagenet_2024-04-18-1427-39', 'seed': 1, 'device': 'cuda:1', 'accuracies_file': 'logs/mobilenetv3_tinyimagenet.csv', 'dont_skip': False, 'n_train_workers': 1, 'n_test_workers': 1, 'arch': 'mobilenet_v3_large', 'multiprocessing': 0}"
94,0.0,0.0,0.0,0.0,0.33599,0.2922,0.61903,0.5632,"{'epochs': 5, 'comm_round': 300, 'sample_fraction': 1.0, 'alpha': 0.01, 'dataset': 'tinyimagenet', 'datadir': '../data/', 'partition': 'iid', 'alg': 'sflv1', 'model': 'mobilenetv3', 'split_layer': 1, 'n_parties': 100, 'lr': 0.001, 'mu': 1, 'std_coeff': 2.5, 'unif_coeff': 0.5, 'batch_size': 64, 'load_first_net': 1, 'pool_option': 'FIFO', 'model_buffer_size': 1, 'optimizer': 'adam', 'simp_width': 1, 'out_dim': 256, 'reg': 0.0005, 'temperature': 0.5, 'logdir': './', 'log_file_name': 'logs/experiment_log-alg=sflv1_partition=iid_lr=0.001_epochs=5_num_users=100_beta=0.01_batch_size=64_opt=adam_dataset=tinyimagenet_2024-04-18-1427-39', 'seed': 1, 'device': 'cuda:1', 'accuracies_file': 'logs/mobilenetv3_tinyimagenet.csv', 'dont_skip': False, 'n_train_workers': 1, 'n_test_workers': 1, 'arch': 'mobilenet_v3_large', 'multiprocessing': 0}"
95,0.0,0.0,0.0,0.0,0.33599,0.2922,0.61903,0.5632,"{'epochs': 5, 'comm_round': 300, 'sample_fraction': 1.0, 'alpha': 0.01, 'dataset': 'tinyimagenet', 'datadir': '../data/', 'partition': 'iid', 'alg': 'sflv1', 'model': 'mobilenetv3', 'split_layer': 1, 'n_parties': 100, 'lr': 0.001, 'mu': 1, 'std_coeff': 2.5, 'unif_coeff': 0.5, 'batch_size': 64, 'load_first_net': 1, 'pool_option': 'FIFO', 'model_buffer_size': 1, 'optimizer': 'adam', 'simp_width': 1, 'out_dim': 256, 'reg': 0.0005, 'temperature': 0.5, 'logdir': './', 'log_file_name': 'logs/experiment_log-alg=sflv1_partition=iid_lr=0.001_epochs=5_num_users=100_beta=0.01_batch_size=64_opt=adam_dataset=tinyimagenet_2024-04-18-1427-39', 'seed': 1, 'device': 'cuda:1', 'accuracies_file': 'logs/mobilenetv3_tinyimagenet.csv', 'dont_skip': False, 'n_train_workers': 1, 'n_test_workers': 1, 'arch': 'mobilenet_v3_large', 'multiprocessing': 0}"
96,0.0,0.0,0.0,0.0,0.33599,0.2922,0.61903,0.5632,"{'epochs': 5, 'comm_round': 300, 'sample_fraction': 1.0, 'alpha': 0.01, 'dataset': 'tinyimagenet', 'datadir': '../data/', 'partition': 'iid', 'alg': 'sflv1', 'model': 'mobilenetv3', 'split_layer': 1, 'n_parties': 100, 'lr': 0.001, 'mu': 1, 'std_coeff': 2.5, 'unif_coeff': 0.5, 'batch_size': 64, 'load_first_net': 1, 'pool_option': 'FIFO', 'model_buffer_size': 1, 'optimizer': 'adam', 'simp_width': 1, 'out_dim': 256, 'reg': 0.0005, 'temperature': 0.5, 'logdir': './', 'log_file_name': 'logs/experiment_log-alg=sflv1_partition=iid_lr=0.001_epochs=5_num_users=100_beta=0.01_batch_size=64_opt=adam_dataset=tinyimagenet_2024-04-18-1427-39', 'seed': 1, 'device': 'cuda:1', 'accuracies_file': 'logs/mobilenetv3_tinyimagenet.csv', 'dont_skip': False, 'n_train_workers': 1, 'n_test_workers': 1, 'arch': 'mobilenet_v3_large', 'multiprocessing': 0}"
97,0.0,0.0,0.0,0.0,0.33599,0.2922,0.61903,0.5632,"{'epochs': 5, 'comm_round': 300, 'sample_fraction': 1.0, 'alpha': 0.01, 'dataset': 'tinyimagenet', 'datadir': '../data/', 'partition': 'iid', 'alg': 'sflv1', 'model': 'mobilenetv3', 'split_layer': 1, 'n_parties': 100, 'lr': 0.001, 'mu': 1, 'std_coeff': 2.5, 'unif_coeff': 0.5, 'batch_size': 64, 'load_first_net': 1, 'pool_option': 'FIFO', 'model_buffer_size': 1, 'optimizer': 'adam', 'simp_width': 1, 'out_dim': 256, 'reg': 0.0005, 'temperature': 0.5, 'logdir': './', 'log_file_name': 'logs/experiment_log-alg=sflv1_partition=iid_lr=0.001_epochs=5_num_users=100_beta=0.01_batch_size=64_opt=adam_dataset=tinyimagenet_2024-04-18-1427-39', 'seed': 1, 'device': 'cuda:1', 'accuracies_file': 'logs/mobilenetv3_tinyimagenet.csv', 'dont_skip': False, 'n_train_workers': 1, 'n_test_workers': 1, 'arch': 'mobilenet_v3_large', 'multiprocessing': 0}"
98,0.0,0.0,0.0,0.0,0.33599,0.2922,0.61903,0.5632,"{'epochs': 5, 'comm_round': 300, 'sample_fraction': 1.0, 'alpha': 0.01, 'dataset': 'tinyimagenet', 'datadir': '../data/', 'partition': 'iid', 'alg': 'sflv1', 'model': 'mobilenetv3', 'split_layer': 1, 'n_parties': 100, 'lr': 0.001, 'mu': 1, 'std_coeff': 2.5, 'unif_coeff': 0.5, 'batch_size': 64, 'load_first_net': 1, 'pool_option': 'FIFO', 'model_buffer_size': 1, 'optimizer': 'adam', 'simp_width': 1, 'out_dim': 256, 'reg': 0.0005, 'temperature': 0.5, 'logdir': './', 'log_file_name': 'logs/experiment_log-alg=sflv1_partition=iid_lr=0.001_epochs=5_num_users=100_beta=0.01_batch_size=64_opt=adam_dataset=tinyimagenet_2024-04-18-1427-39', 'seed': 1, 'device': 'cuda:1', 'accuracies_file': 'logs/mobilenetv3_tinyimagenet.csv', 'dont_skip': False, 'n_train_workers': 1, 'n_test_workers': 1, 'arch': 'mobilenet_v3_large', 'multiprocessing': 0}"
99,0.0,0.0,0.0,0.0,0.33599,0.2922,0.61903,0.5632,"{'epochs': 5, 'comm_round': 300, 'sample_fraction': 1.0, 'alpha': 0.01, 'dataset': 'tinyimagenet', 'datadir': '../data/', 'partition': 'iid', 'alg': 'sflv1', 'model': 'mobilenetv3', 'split_layer': 1, 'n_parties': 100, 'lr': 0.001, 'mu': 1, 'std_coeff': 2.5, 'unif_coeff': 0.5, 'batch_size': 64, 'load_first_net': 1, 'pool_option': 'FIFO', 'model_buffer_size': 1, 'optimizer': 'adam', 'simp_width': 1, 'out_dim': 256, 'reg': 0.0005, 'temperature': 0.5, 'logdir': './', 'log_file_name': 'logs/experiment_log-alg=sflv1_partition=iid_lr=0.001_epochs=5_num_users=100_beta=0.01_batch_size=64_opt=adam_dataset=tinyimagenet_2024-04-18-1427-39', 'seed': 1, 'device': 'cuda:1', 'accuracies_file': 'logs/mobilenetv3_tinyimagenet.csv', 'dont_skip': False, 'n_train_workers': 1, 'n_test_workers': 1, 'arch': 'mobilenet_v3_large', 'multiprocessing': 0}"
0,0.0,0.0,0.0,0.0,0.02674,0.0247,0.11194,0.1084,"{'epochs': 5, 'comm_round': 300, 'sample_fraction': 1.0, 'alpha': 0.01, 'dataset': 'tinyimagenet', 'datadir': '../data/', 'partition': 'noniid-labeldir', 'alg': 'sflv1', 'model': 'mobilenetv3', 'split_layer': 1, 'n_parties': 100, 'lr': 0.001, 'mu': 1, 'std_coeff': 2.5, 'unif_coeff': 0.5, 'batch_size': 64, 'load_first_net': 1, 'pool_option': 'FIFO', 'model_buffer_size': 1, 'optimizer': 'adam', 'simp_width': 1, 'out_dim': 256, 'reg': 0.0005, 'temperature': 0.5, 'logdir': './', 'log_file_name': 'logs/experiment_log-alg=sflv1_partition=noniid-labeldir_lr=0.001_epochs=5_num_users=100_beta=0.01_batch_size=64_opt=adam_dataset=tinyimagenet_2024-04-25-1356-20', 'seed': 1, 'device': 'cuda:5', 'accuracies_file': 'logs/mobilenetv3_tinyimagenet.csv', 'dont_skip': False, 'n_train_workers': 1, 'n_test_workers': 1, 'arch': 'mobilenet_v3_large', 'multiprocessing': 0}"
0,0.0,0.0,0.0,0.0,0.3372,0.2933,0.61977,0.574,"{'epochs': 5, 'comm_round': 300, 'sample_fraction': 1.0, 'alpha': 0.01, 'dataset': 'tinyimagenet', 'datadir': '../data/', 'partition': 'iid', 'alg': 'sflv1', 'model': 'mobilenetv3', 'split_layer': 1, 'n_parties': 100, 'lr': 0.001, 'mu': 1, 'std_coeff': 2.5, 'unif_coeff': 0.5, 'batch_size': 64, 'load_first_net': 1, 'pool_option': 'FIFO', 'model_buffer_size': 1, 'optimizer': 'adam', 'simp_width': 1, 'out_dim': 256, 'reg': 0.0005, 'temperature': 0.5, 'logdir': './', 'log_file_name': 'logs/experiment_log-alg=sflv1_partition=iid_lr=0.001_epochs=5_num_users=100_beta=0.01_batch_size=64_opt=adam_dataset=tinyimagenet_2024-04-25-1916-14', 'seed': 12, 'device': 'cuda:4', 'accuracies_file': 'logs/mobilenetv3_tinyimagenet.csv', 'dont_skip': False, 'n_train_workers': 1, 'n_test_workers': 1, 'arch': 'mobilenet_v3_large', 'multiprocessing': 0}"
0,0.0,0.0,0.0,0.0,0.01902,0.0198,0.07779,0.0779,"{'epochs': 5, 'comm_round': 300, 'sample_fraction': 1.0, 'alpha': 0.01, 'dataset': 'tinyimagenet', 'datadir': '../data/', 'partition': 'noniid-labeldir', 'alg': 'sflv1', 'model': 'mobilenetv3', 'split_layer': 1, 'n_parties': 100, 'lr': 0.001, 'mu': 1, 'std_coeff': 2.5, 'unif_coeff': 0.5, 'batch_size': 64, 'load_first_net': 1, 'pool_option': 'FIFO', 'model_buffer_size': 1, 'optimizer': 'adam', 'simp_width': 1, 'out_dim': 256, 'reg': 0.0005, 'temperature': 0.5, 'logdir': './', 'log_file_name': 'logs/experiment_log-alg=sflv1_partition=noniid-labeldir_lr=0.001_epochs=5_num_users=100_beta=0.01_batch_size=64_opt=adam_dataset=tinyimagenet_2024-04-26-1337-01', 'seed': 12, 'device': 'cuda:5', 'accuracies_file': 'logs/mobilenetv3_tinyimagenet.csv', 'dont_skip': False, 'n_train_workers': 1, 'n_test_workers': 1, 'arch': 'mobilenet_v3_large', 'multiprocessing': 0}"
0,0.0,0.0,0.0,0.0,0.3244,0.2646,0.60607,0.5309,"{'epochs': 5, 'comm_round': 300, 'sample_fraction': 1.0, 'alpha': 0.01, 'dataset': 'tinyimagenet', 'datadir': '../data/', 'partition': 'iid', 'alg': 'fedavg', 'model': 'mobilenetv3', 'split_layer': 1, 'n_parties': 100, 'lr': 0.001, 'mu': 1, 'std_coeff': 2.5, 'unif_coeff': 0.5, 'batch_size': 64, 'load_first_net': 1, 'pool_option': 'FIFO', 'model_buffer_size': 1, 'optimizer': 'adam', 'simp_width': 1, 'out_dim': 256, 'reg': 0.0005, 'temperature': 0.5, 'logdir': './', 'log_file_name': 'logs/experiment_log-alg=fedavg_partition=iid_lr=0.001_epochs=5_num_users=100_beta=0.01_batch_size=64_opt=adam_dataset=tinyimagenet_2024-04-26-1611-02', 'seed': 1, 'device': 'cuda:2', 'accuracies_file': 'logs/mobilenetv3_tinyimagenet.csv', 'dont_skip': False, 'n_train_workers': 1, 'n_test_workers': 1, 'arch': 'mobilenet_v3_large', 'multiprocessing': 0}"
0,0.0,0.0,0.0,0.0,0.33663,0.2916,0.62147,0.5611,"{'epochs': 5, 'comm_round': 300, 'sample_fraction': 1.0, 'alpha': 0.01, 'dataset': 'tinyimagenet', 'datadir': '../data/', 'partition': 'iid', 'alg': 'sflv1', 'model': 'mobilenetv3', 'split_layer': 1, 'n_parties': 100, 'lr': 0.001, 'mu': 1, 'std_coeff': 2.5, 'unif_coeff': 0.5, 'batch_size': 64, 'load_first_net': 1, 'pool_option': 'FIFO', 'model_buffer_size': 1, 'optimizer': 'adam', 'simp_width': 1, 'out_dim': 256, 'reg': 0.0005, 'temperature': 0.5, 'logdir': './', 'log_file_name': 'logs/experiment_log-alg=sflv1_partition=iid_lr=0.001_epochs=5_num_users=100_beta=0.01_batch_size=64_opt=adam_dataset=tinyimagenet_2024-04-26-1856-15', 'seed': 123, 'device': 'cuda:4', 'accuracies_file': 'logs/mobilenetv3_tinyimagenet.csv', 'dont_skip': False, 'n_train_workers': 1, 'n_test_workers': 1, 'arch': 'mobilenet_v3_large', 'multiprocessing': 0}"
0,0.0,0.0,0.0,0.0,0.02531,0.0244,0.10017,0.0975,"{'epochs': 5, 'comm_round': 300, 'sample_fraction': 1.0, 'alpha': 0.01, 'dataset': 'tinyimagenet', 'datadir': '../data/', 'partition': 'noniid-labeldir', 'alg': 'sflv1', 'model': 'mobilenetv3', 'split_layer': 1, 'n_parties': 100, 'lr': 0.001, 'mu': 1, 'std_coeff': 2.5, 'unif_coeff': 0.5, 'batch_size': 64, 'load_first_net': 1, 'pool_option': 'FIFO', 'model_buffer_size': 1, 'optimizer': 'adam', 'simp_width': 1, 'out_dim': 256, 'reg': 0.0005, 'temperature': 0.5, 'logdir': './', 'log_file_name': 'logs/experiment_log-alg=sflv1_partition=noniid-labeldir_lr=0.001_epochs=5_num_users=100_beta=0.01_batch_size=64_opt=adam_dataset=tinyimagenet_2024-04-27-1311-00', 'seed': 123, 'device': 'cuda:5', 'accuracies_file': 'logs/mobilenetv3_tinyimagenet.csv', 'dont_skip': False, 'n_train_workers': 1, 'n_test_workers': 1, 'arch': 'mobilenet_v3_large', 'multiprocessing': 0}"
0,0.0,0.0,0.0,0.0,0.31837,0.2658,0.6009,0.5296,"{'epochs': 5, 'comm_round': 300, 'sample_fraction': 1.0, 'alpha': 0.01, 'dataset': 'tinyimagenet', 'datadir': '../data/', 'partition': 'iid', 'alg': 'fedavg', 'model': 'mobilenetv3', 'split_layer': 1, 'n_parties': 100, 'lr': 0.001, 'mu': 1, 'std_coeff': 2.5, 'unif_coeff': 0.5, 'batch_size': 64, 'load_first_net': 1, 'pool_option': 'FIFO', 'model_buffer_size': 1, 'optimizer': 'adam', 'simp_width': 1, 'out_dim': 256, 'reg': 0.0005, 'temperature': 0.5, 'logdir': './', 'log_file_name': 'logs/experiment_log-alg=fedavg_partition=iid_lr=0.001_epochs=5_num_users=100_beta=0.01_batch_size=64_opt=adam_dataset=tinyimagenet_2024-04-27-1510-20', 'seed': 12, 'device': 'cuda:2', 'accuracies_file': 'logs/mobilenetv3_tinyimagenet.csv', 'dont_skip': False, 'n_train_workers': 1, 'n_test_workers': 1, 'arch': 'mobilenet_v3_large', 'multiprocessing': 0}"
0,0.0,0.0,0.0,0.0,0.32647,0.2822,0.60538,0.5518,"{'epochs': 5, 'comm_round': 300, 'sample_fraction': 1.0, 'alpha': 0.01, 'dataset': 'tinyimagenet', 'datadir': '../data/', 'partition': 'iid', 'alg': 'sflv1', 'model': 'mobilenetv3', 'split_layer': 2, 'n_parties': 100, 'lr': 0.001, 'mu': 1, 'std_coeff': 2.5, 'unif_coeff': 0.5, 'batch_size': 64, 'load_first_net': 1, 'pool_option': 'FIFO', 'model_buffer_size': 1, 'optimizer': 'adam', 'simp_width': 1, 'out_dim': 256, 'reg': 0.0005, 'temperature': 0.5, 'logdir': './', 'log_file_name': 'logs/experiment_log-alg=sflv1_partition=iid_lr=0.001_epochs=5_num_users=100_beta=0.01_batch_size=64_opt=adam_dataset=tinyimagenet_2024-04-27-2020-16', 'seed': 1, 'device': 'cuda:4', 'accuracies_file': 'logs/mobilenetv3_tinyimagenet.csv', 'dont_skip': False, 'n_train_workers': 1, 'n_test_workers': 1, 'arch': 'mobilenet_v3_large', 'multiprocessing': 0}"
0,0.0,0.0,0.0,0.0,0.32108,0.2715,0.60418,0.5365,"{'epochs': 5, 'comm_round': 300, 'sample_fraction': 1.0, 'alpha': 0.01, 'dataset': 'tinyimagenet', 'datadir': '../data/', 'partition': 'iid', 'alg': 'fedavg', 'model': 'mobilenetv3', 'split_layer': 1, 'n_parties': 100, 'lr': 0.001, 'mu': 1, 'std_coeff': 2.5, 'unif_coeff': 0.5, 'batch_size': 64, 'load_first_net': 1, 'pool_option': 'FIFO', 'model_buffer_size': 1, 'optimizer': 'adam', 'simp_width': 1, 'out_dim': 256, 'reg': 0.0005, 'temperature': 0.5, 'logdir': './', 'log_file_name': 'logs/experiment_log-alg=fedavg_partition=iid_lr=0.001_epochs=5_num_users=100_beta=0.01_batch_size=64_opt=adam_dataset=tinyimagenet_2024-04-28-1502-30', 'seed': 123, 'device': 'cuda:2', 'accuracies_file': 'logs/mobilenetv3_tinyimagenet.csv', 'dont_skip': False, 'n_train_workers': 1, 'n_test_workers': 1, 'arch': 'mobilenet_v3_large', 'multiprocessing': 0}"
0,0.0,0.0,0.0,0.0,0.0303,0.0288,0.10495,0.1018,"{'epochs': 5, 'comm_round': 300, 'sample_fraction': 1.0, 'alpha': 0.01, 'dataset': 'tinyimagenet', 'datadir': '../data/', 'partition': 'noniid-labeldir', 'alg': 'sflv1', 'model': 'mobilenetv3', 'split_layer': 2, 'n_parties': 100, 'lr': 0.001, 'mu': 1, 'std_coeff': 2.5, 'unif_coeff': 0.5, 'batch_size': 64, 'load_first_net': 1, 'pool_option': 'FIFO', 'model_buffer_size': 1, 'optimizer': 'adam', 'simp_width': 1, 'out_dim': 256, 'reg': 0.0005, 'temperature': 0.5, 'logdir': './', 'log_file_name': 'logs/experiment_log-alg=sflv1_partition=noniid-labeldir_lr=0.001_epochs=5_num_users=100_beta=0.01_batch_size=64_opt=adam_dataset=tinyimagenet_2024-04-28-1400-41', 'seed': 1, 'device': 'cuda:5', 'accuracies_file': 'logs/mobilenetv3_tinyimagenet.csv', 'dont_skip': False, 'n_train_workers': 1, 'n_test_workers': 1, 'arch': 'mobilenet_v3_large', 'multiprocessing': 0}"
0,0.0,0.0,0.0,0.0,0.32578,0.2828,0.60809,0.5571,"{'epochs': 5, 'comm_round': 300, 'sample_fraction': 1.0, 'alpha': 0.01, 'dataset': 'tinyimagenet', 'datadir': '../data/', 'partition': 'iid', 'alg': 'sflv1', 'model': 'mobilenetv3', 'split_layer': 2, 'n_parties': 100, 'lr': 0.001, 'mu': 1, 'std_coeff': 2.5, 'unif_coeff': 0.5, 'batch_size': 64, 'load_first_net': 1, 'pool_option': 'FIFO', 'model_buffer_size': 1, 'optimizer': 'adam', 'simp_width': 1, 'out_dim': 256, 'reg': 0.0005, 'temperature': 0.5, 'logdir': './', 'log_file_name': 'logs/experiment_log-alg=sflv1_partition=iid_lr=0.001_epochs=5_num_users=100_beta=0.01_batch_size=64_opt=adam_dataset=tinyimagenet_2024-04-28-2044-28', 'seed': 12, 'device': 'cuda:4', 'accuracies_file': 'logs/mobilenetv3_tinyimagenet.csv', 'dont_skip': False, 'n_train_workers': 1, 'n_test_workers': 1, 'arch': 'mobilenet_v3_large', 'multiprocessing': 0}"
