Client ID,Best Local Accuracy,Best Local Accuracy Top-5,Best Global Accuracy,Best Global Accuracy Top-5,Best Global Model Train,Best Global Model Test,Best Global Model Train.1,Best Global Model Test Top-5,Hyperparameters
0,0.0,0.0,0.0,0.0,0.68843,0.4832,0.9142,0.7353,"{'epochs': 5, 'comm_round': 300, 'sample_fraction': 1.0, 'alpha': 0.01, 'dataset': 'tinyimagenet', 'datadir': '../data/', 'partition': 'iid', 'alg': 'sflv1', 'model': 'resnet-50', 'split_layer': 1, 'n_parties': 10, 'lr': 0.001, 'mu': 1, 'std_coeff': 2.5, 'unif_coeff': 0.5, 'batch_size': 64, 'load_first_net': 1, 'pool_option': 'FIFO', 'model_buffer_size': 1, 'optimizer': 'adam', 'simp_width': 1, 'out_dim': 256, 'reg': 0.0005, 'temperature': 0.5, 'logdir': './', 'log_file_name': 'logs/experiment_log-alg=sflv1_partition=iid_lr=0.001_epochs=5_num_users=10_beta=0.01_batch_size=64_opt=adam_dataset=tinyimagenet_2024-05-13-1721-22', 'seed': 1, 'device': 'cuda:0', 'accuracies_file': 'logs/resnet_50_10_users_tinyimagenet.csv', 'dont_skip': False, 'n_train_workers': 1, 'n_test_workers': 1, 'arch': 'mobilenet_v3_large', 'multiprocessing': 0}"
0,0.0,0.0,0.0,0.0,0.160431338028169,0.1454,0.4538152208706786,0.4089,"{'epochs': 5, 'comm_round': 300, 'sample_fraction': 1.0, 'alpha': 0.01, 'dataset': 'tinyimagenet', 'datadir': '../data/', 'partition': 'noniid-labeldir', 'alg': 'sflv1', 'model': 'resnet-50', 'split_layer': 3, 'n_parties': 10, 'lr': 0.001, 'mu': 1, 'std_coeff': 2.5, 'unif_coeff': 0.5, 'batch_size': 64, 'load_first_net': 1, 'pool_option': 'FIFO', 'model_buffer_size': 1, 'optimizer': 'adam', 'simp_width': 1, 'out_dim': 256, 'reg': 0.0005, 'temperature': 0.5, 'logdir': './', 'log_file_name': 'logs/experiment_log-alg=sflv1_partition=noniid-labeldir_lr=0.001_epochs=5_num_users=10_beta=0.01_batch_size=64_opt=adam_dataset=tinyimagenet_2024-05-14-2148-01', 'seed': 1, 'device': 'cuda:3', 'accuracies_file': 'logs/resnet_50_10_users_tinyimagenet.csv', 'dont_skip': False, 'n_train_workers': 1, 'n_test_workers': 1, 'arch': 'mobilenet_v3_large', 'multiprocessing': 0}"
0,0.0,0.0,0.0,0.0,0.69134,0.4868,0.91438,0.7412,"{'epochs': 5, 'comm_round': 300, 'sample_fraction': 1.0, 'alpha': 0.01, 'dataset': 'tinyimagenet', 'datadir': '../data/', 'partition': 'iid', 'alg': 'sflv1', 'model': 'resnet-50', 'split_layer': 1, 'n_parties': 10, 'lr': 0.001, 'mu': 1, 'std_coeff': 2.5, 'unif_coeff': 0.5, 'batch_size': 64, 'load_first_net': 1, 'pool_option': 'FIFO', 'model_buffer_size': 1, 'optimizer': 'adam', 'simp_width': 1, 'out_dim': 256, 'reg': 0.0005, 'temperature': 0.5, 'logdir': './', 'log_file_name': 'logs/experiment_log-alg=sflv1_partition=iid_lr=0.001_epochs=5_num_users=10_beta=0.01_batch_size=64_opt=adam_dataset=tinyimagenet_2024-05-15-0744-58', 'seed': 12, 'device': 'cuda:0', 'accuracies_file': 'logs/resnet_50_10_users_tinyimagenet.csv', 'dont_skip': False, 'n_train_workers': 1, 'n_test_workers': 1, 'arch': 'mobilenet_v3_large', 'multiprocessing': 0}"
0,0.0,0.0,0.0,0.0,0.1446362836107554,0.1262,0.4326884603072983,0.3921,"{'epochs': 5, 'comm_round': 300, 'sample_fraction': 1.0, 'alpha': 0.01, 'dataset': 'tinyimagenet', 'datadir': '../data/', 'partition': 'noniid-labeldir', 'alg': 'sflv1', 'model': 'resnet-50', 'split_layer': 3, 'n_parties': 10, 'lr': 0.001, 'mu': 1, 'std_coeff': 2.5, 'unif_coeff': 0.5, 'batch_size': 64, 'load_first_net': 1, 'pool_option': 'FIFO', 'model_buffer_size': 1, 'optimizer': 'adam', 'simp_width': 1, 'out_dim': 256, 'reg': 0.0005, 'temperature': 0.5, 'logdir': './', 'log_file_name': 'logs/experiment_log-alg=sflv1_partition=noniid-labeldir_lr=0.001_epochs=5_num_users=10_beta=0.01_batch_size=64_opt=adam_dataset=tinyimagenet_2024-05-16-1020-44', 'seed': 12, 'device': 'cuda:3', 'accuracies_file': 'logs/resnet_50_10_users_tinyimagenet.csv', 'dont_skip': False, 'n_train_workers': 1, 'n_test_workers': 1, 'arch': 'mobilenet_v3_large', 'multiprocessing': 0}"
0,0.0,0.0,0.0,0.0,0.99984,0.4426,1.0,0.643,"{'epochs': 5, 'comm_round': 300, 'sample_fraction': 1.0, 'alpha': 0.01, 'dataset': 'tinyimagenet', 'datadir': '../data/', 'partition': 'iid', 'alg': 'sflv2', 'model': 'resnet-50', 'split_layer': 3, 'n_parties': 10, 'lr': 0.001, 'mu': 1, 'std_coeff': 2.5, 'unif_coeff': 0.5, 'batch_size': 64, 'load_first_net': 1, 'pool_option': 'FIFO', 'model_buffer_size': 1, 'optimizer': 'adam', 'simp_width': 1, 'out_dim': 256, 'reg': 0.0005, 'temperature': 0.5, 'logdir': './', 'log_file_name': 'logs/experiment_log-alg=sflv2_partition=iid_lr=0.001_epochs=5_num_users=10_beta=0.01_batch_size=64_opt=adam_dataset=tinyimagenet_2024-05-16-0858-06', 'seed': 1, 'device': 'cuda:5', 'accuracies_file': 'logs/resnet_50_10_users_tinyimagenet.csv', 'dont_skip': False, 'n_train_workers': 1, 'n_test_workers': 1, 'arch': 'mobilenet_v3_large', 'multiprocessing': 0}"
0,0.0,0.0,0.0,0.0,0.7155,0.4985,0.92913,0.7467,"{'epochs': 5, 'comm_round': 300, 'sample_fraction': 1.0, 'alpha': 0.01, 'dataset': 'tinyimagenet', 'datadir': '../data/', 'partition': 'iid', 'alg': 'sflv1', 'model': 'resnet-50', 'split_layer': 3, 'n_parties': 10, 'lr': 0.001, 'mu': 1, 'std_coeff': 2.5, 'unif_coeff': 0.5, 'batch_size': 64, 'load_first_net': 1, 'pool_option': 'FIFO', 'model_buffer_size': 1, 'optimizer': 'adam', 'simp_width': 1, 'out_dim': 256, 'reg': 0.0005, 'temperature': 0.5, 'logdir': './', 'log_file_name': 'logs/experiment_log-alg=sflv1_partition=iid_lr=0.001_epochs=5_num_users=10_beta=0.01_batch_size=64_opt=adam_dataset=tinyimagenet_2024-05-16-1128-40', 'seed': 1, 'device': 'cuda:1', 'accuracies_file': 'logs/resnet_50_10_users_tinyimagenet.csv', 'dont_skip': False, 'n_train_workers': 1, 'n_test_workers': 1, 'arch': 'mobilenet_v3_large', 'multiprocessing': 0}"
0,0.0,0.0,0.0,0.0,0.1461667733674776,0.1344,0.4227152688860435,0.3924,"{'epochs': 5, 'comm_round': 300, 'sample_fraction': 1.0, 'alpha': 0.01, 'dataset': 'tinyimagenet', 'datadir': '../data/', 'partition': 'noniid-labeldir', 'alg': 'sflv1', 'model': 'resnet-50', 'split_layer': 1, 'n_parties': 10, 'lr': 0.001, 'mu': 1, 'std_coeff': 2.5, 'unif_coeff': 0.5, 'batch_size': 64, 'load_first_net': 1, 'pool_option': 'FIFO', 'model_buffer_size': 1, 'optimizer': 'adam', 'simp_width': 1, 'out_dim': 256, 'reg': 0.0005, 'temperature': 0.5, 'logdir': './', 'log_file_name': 'logs/experiment_log-alg=sflv1_partition=noniid-labeldir_lr=0.001_epochs=5_num_users=10_beta=0.01_batch_size=64_opt=adam_dataset=tinyimagenet_2024-05-16-1416-00', 'seed': 1, 'device': 'cuda:2', 'accuracies_file': 'logs/resnet_50_10_users_tinyimagenet.csv', 'dont_skip': False, 'n_train_workers': 1, 'n_test_workers': 1, 'arch': 'mobilenet_v3_large', 'multiprocessing': 0}"
0,0.0,0.0,0.0,0.0,0.99983,0.5455,1.0,0.7482,"{'epochs': 5, 'comm_round': 300, 'sample_fraction': 1.0, 'alpha': 0.01, 'dataset': 'tinyimagenet', 'datadir': '../data/', 'partition': 'iid', 'alg': 'sflv2', 'model': 'resnet-50', 'split_layer': 1, 'n_parties': 10, 'lr': 0.001, 'mu': 1, 'std_coeff': 2.5, 'unif_coeff': 0.5, 'batch_size': 64, 'load_first_net': 1, 'pool_option': 'FIFO', 'model_buffer_size': 1, 'optimizer': 'adam', 'simp_width': 1, 'out_dim': 256, 'reg': 0.0005, 'temperature': 0.5, 'logdir': './', 'log_file_name': 'logs/experiment_log-alg=sflv2_partition=iid_lr=0.001_epochs=5_num_users=10_beta=0.01_batch_size=64_opt=adam_dataset=tinyimagenet_2024-05-16-1207-19', 'seed': 1, 'device': 'cuda:4', 'accuracies_file': 'logs/resnet_50_10_users_tinyimagenet.csv', 'dont_skip': False, 'n_train_workers': 1, 'n_test_workers': 1, 'arch': 'mobilenet_v3_large', 'multiprocessing': 0}"
0,0.0,0.0,0.0,0.0,0.3839628681177977,0.2362,0.8327464788732394,0.5535,"{'epochs': 5, 'comm_round': 300, 'sample_fraction': 1.0, 'alpha': 0.01, 'dataset': 'tinyimagenet', 'datadir': '../data/', 'partition': 'noniid-labeldir', 'alg': 'sflv2', 'model': 'resnet-50', 'split_layer': 1, 'n_parties': 10, 'lr': 0.001, 'mu': 1, 'std_coeff': 2.5, 'unif_coeff': 0.5, 'batch_size': 64, 'load_first_net': 1, 'pool_option': 'FIFO', 'model_buffer_size': 1, 'optimizer': 'adam', 'simp_width': 1, 'out_dim': 256, 'reg': 0.0005, 'temperature': 0.5, 'logdir': './', 'log_file_name': 'logs/experiment_log-alg=sflv2_partition=noniid-labeldir_lr=0.001_epochs=5_num_users=10_beta=0.01_batch_size=64_opt=adam_dataset=tinyimagenet_2024-05-16-1503-09', 'seed': 1, 'device': 'cuda:6', 'accuracies_file': 'logs/resnet_50_10_users_tinyimagenet.csv', 'dont_skip': False, 'n_train_workers': 1, 'n_test_workers': 1, 'arch': 'mobilenet_v3_large', 'multiprocessing': 0}"
0,0.0,0.0,0.0,0.0,0.69055,0.4918,0.91514,0.7412,"{'epochs': 5, 'comm_round': 300, 'sample_fraction': 1.0, 'alpha': 0.01, 'dataset': 'tinyimagenet', 'datadir': '../data/', 'partition': 'iid', 'alg': 'sflv1', 'model': 'resnet-50', 'split_layer': 1, 'n_parties': 10, 'lr': 0.001, 'mu': 1, 'std_coeff': 2.5, 'unif_coeff': 0.5, 'batch_size': 64, 'load_first_net': 1, 'pool_option': 'FIFO', 'model_buffer_size': 1, 'optimizer': 'adam', 'simp_width': 1, 'out_dim': 256, 'reg': 0.0005, 'temperature': 0.5, 'logdir': './', 'log_file_name': 'logs/experiment_log-alg=sflv1_partition=iid_lr=0.001_epochs=5_num_users=10_beta=0.01_batch_size=64_opt=adam_dataset=tinyimagenet_2024-05-16-2147-51', 'seed': 123, 'device': 'cuda:0', 'accuracies_file': 'logs/resnet_50_10_users_tinyimagenet.csv', 'dont_skip': False, 'n_train_workers': 1, 'n_test_workers': 1, 'arch': 'mobilenet_v3_large', 'multiprocessing': 0}"
0,0.0,0.0,0.0,0.0,0.1591909411011523,0.1383,0.4414112516005121,0.3925,"{'epochs': 5, 'comm_round': 300, 'sample_fraction': 1.0, 'alpha': 0.01, 'dataset': 'tinyimagenet', 'datadir': '../data/', 'partition': 'noniid-labeldir', 'alg': 'sflv1', 'model': 'resnet-50', 'split_layer': 3, 'n_parties': 10, 'lr': 0.001, 'mu': 1, 'std_coeff': 2.5, 'unif_coeff': 0.5, 'batch_size': 64, 'load_first_net': 1, 'pool_option': 'FIFO', 'model_buffer_size': 1, 'optimizer': 'adam', 'simp_width': 1, 'out_dim': 256, 'reg': 0.0005, 'temperature': 0.5, 'logdir': './', 'log_file_name': 'logs/experiment_log-alg=sflv1_partition=noniid-labeldir_lr=0.001_epochs=5_num_users=10_beta=0.01_batch_size=64_opt=adam_dataset=tinyimagenet_2024-05-17-2333-34', 'seed': 123, 'device': 'cuda:3', 'accuracies_file': 'logs/resnet_50_10_users_tinyimagenet.csv', 'dont_skip': False, 'n_train_workers': 1, 'n_test_workers': 1, 'arch': 'mobilenet_v3_large', 'multiprocessing': 0}"
0,0.0,0.0,0.0,0.0,0.99984,0.4405,1.0,0.6397,"{'epochs': 5, 'comm_round': 300, 'sample_fraction': 1.0, 'alpha': 0.01, 'dataset': 'tinyimagenet', 'datadir': '../data/', 'partition': 'iid', 'alg': 'sflv2', 'model': 'resnet-50', 'split_layer': 3, 'n_parties': 10, 'lr': 0.001, 'mu': 1, 'std_coeff': 2.5, 'unif_coeff': 0.5, 'batch_size': 64, 'load_first_net': 1, 'pool_option': 'FIFO', 'model_buffer_size': 1, 'optimizer': 'adam', 'simp_width': 1, 'out_dim': 256, 'reg': 0.0005, 'temperature': 0.5, 'logdir': './', 'log_file_name': 'logs/experiment_log-alg=sflv2_partition=iid_lr=0.001_epochs=5_num_users=10_beta=0.01_batch_size=64_opt=adam_dataset=tinyimagenet_2024-05-18-0014-59', 'seed': 12, 'device': 'cuda:5', 'accuracies_file': 'logs/resnet_50_10_users_tinyimagenet.csv', 'dont_skip': False, 'n_train_workers': 1, 'n_test_workers': 1, 'arch': 'mobilenet_v3_large', 'multiprocessing': 0}"
0,0.0,0.0,0.0,0.0,0.70716,0.4846,0.92466,0.7355,"{'epochs': 5, 'comm_round': 300, 'sample_fraction': 1.0, 'alpha': 0.01, 'dataset': 'tinyimagenet', 'datadir': '../data/', 'partition': 'iid', 'alg': 'sflv1', 'model': 'resnet-50', 'split_layer': 3, 'n_parties': 10, 'lr': 0.001, 'mu': 1, 'std_coeff': 2.5, 'unif_coeff': 0.5, 'batch_size': 64, 'load_first_net': 1, 'pool_option': 'FIFO', 'model_buffer_size': 1, 'optimizer': 'adam', 'simp_width': 1, 'out_dim': 256, 'reg': 0.0005, 'temperature': 0.5, 'logdir': './', 'log_file_name': 'logs/experiment_log-alg=sflv1_partition=iid_lr=0.001_epochs=5_num_users=10_beta=0.01_batch_size=64_opt=adam_dataset=tinyimagenet_2024-05-18-0135-13', 'seed': 12, 'device': 'cuda:1', 'accuracies_file': 'logs/resnet_50_10_users_tinyimagenet.csv', 'dont_skip': False, 'n_train_workers': 1, 'n_test_workers': 1, 'arch': 'mobilenet_v3_large', 'multiprocessing': 0}"
0,0.0,0.0,0.0,0.0,0.1361835787451984,0.1203,0.4090709026888604,0.3678,"{'epochs': 5, 'comm_round': 300, 'sample_fraction': 1.0, 'alpha': 0.01, 'dataset': 'tinyimagenet', 'datadir': '../data/', 'partition': 'noniid-labeldir', 'alg': 'sflv1', 'model': 'resnet-50', 'split_layer': 1, 'n_parties': 10, 'lr': 0.001, 'mu': 1, 'std_coeff': 2.5, 'unif_coeff': 0.5, 'batch_size': 64, 'load_first_net': 1, 'pool_option': 'FIFO', 'model_buffer_size': 1, 'optimizer': 'adam', 'simp_width': 1, 'out_dim': 256, 'reg': 0.0005, 'temperature': 0.5, 'logdir': './', 'log_file_name': 'logs/experiment_log-alg=sflv1_partition=noniid-labeldir_lr=0.001_epochs=5_num_users=10_beta=0.01_batch_size=64_opt=adam_dataset=tinyimagenet_2024-05-18-0334-06', 'seed': 12, 'device': 'cuda:2', 'accuracies_file': 'logs/resnet_50_10_users_tinyimagenet.csv', 'dont_skip': False, 'n_train_workers': 1, 'n_test_workers': 1, 'arch': 'mobilenet_v3_large', 'multiprocessing': 0}"
0,0.0,0.0,0.0,0.0,0.7465789052496798,0.3986,0.9797135083226632,0.6679,"{'epochs': 5, 'comm_round': 300, 'sample_fraction': 1.0, 'alpha': 0.01, 'dataset': 'tinyimagenet', 'datadir': '../data/', 'partition': 'noniid-labeldir', 'alg': 'sflv2', 'model': 'resnet-50', 'split_layer': 1, 'n_parties': 10, 'lr': 0.001, 'mu': 1, 'std_coeff': 2.5, 'unif_coeff': 0.5, 'batch_size': 64, 'load_first_net': 1, 'pool_option': 'FIFO', 'model_buffer_size': 1, 'optimizer': 'adam', 'simp_width': 1, 'out_dim': 256, 'reg': 0.0005, 'temperature': 0.5, 'logdir': './', 'log_file_name': 'logs/experiment_log-alg=sflv2_partition=noniid-labeldir_lr=0.001_epochs=5_num_users=10_beta=0.01_batch_size=64_opt=adam_dataset=tinyimagenet_2024-05-18-0711-25', 'seed': 12, 'device': 'cuda:6', 'accuracies_file': 'logs/resnet_50_10_users_tinyimagenet.csv', 'dont_skip': False, 'n_train_workers': 1, 'n_test_workers': 1, 'arch': 'mobilenet_v3_large', 'multiprocessing': 0}"
0,0.0,0.0,0.0,0.0,0.6958,0.4863,0.91774,0.7429,"{'epochs': 5, 'comm_round': 300, 'sample_fraction': 1.0, 'alpha': 0.01, 'dataset': 'tinyimagenet', 'datadir': '../data/', 'partition': 'iid', 'alg': 'sflv1', 'model': 'resnet-50', 'split_layer': 2, 'n_parties': 10, 'lr': 0.001, 'mu': 1, 'std_coeff': 2.5, 'unif_coeff': 0.5, 'batch_size': 64, 'load_first_net': 1, 'pool_option': 'FIFO', 'model_buffer_size': 1, 'optimizer': 'adam', 'simp_width': 1, 'out_dim': 256, 'reg': 0.0005, 'temperature': 0.5, 'logdir': './', 'log_file_name': 'logs/experiment_log-alg=sflv1_partition=iid_lr=0.001_epochs=5_num_users=10_beta=0.01_batch_size=64_opt=adam_dataset=tinyimagenet_2024-05-18-1153-05', 'seed': 1, 'device': 'cuda:0', 'accuracies_file': 'logs/resnet_50_10_users_tinyimagenet.csv', 'dont_skip': False, 'n_train_workers': 1, 'n_test_workers': 1, 'arch': 'mobilenet_v3_large', 'multiprocessing': 0}"
0,0.0,0.0,0.0,0.0,0.99983,0.5499,1.0,0.749,"{'epochs': 5, 'comm_round': 300, 'sample_fraction': 1.0, 'alpha': 0.01, 'dataset': 'tinyimagenet', 'datadir': '../data/', 'partition': 'iid', 'alg': 'sflv2', 'model': 'resnet-50', 'split_layer': 1, 'n_parties': 10, 'lr': 0.001, 'mu': 1, 'std_coeff': 2.5, 'unif_coeff': 0.5, 'batch_size': 64, 'load_first_net': 1, 'pool_option': 'FIFO', 'model_buffer_size': 1, 'optimizer': 'adam', 'simp_width': 1, 'out_dim': 256, 'reg': 0.0005, 'temperature': 0.5, 'logdir': './', 'log_file_name': 'logs/experiment_log-alg=sflv2_partition=iid_lr=0.001_epochs=5_num_users=10_beta=0.01_batch_size=64_opt=adam_dataset=tinyimagenet_2024-05-18-0704-45', 'seed': 12, 'device': 'cuda:4', 'accuracies_file': 'logs/resnet_50_10_users_tinyimagenet.csv', 'dont_skip': False, 'n_train_workers': 1, 'n_test_workers': 1, 'arch': 'mobilenet_v3_large', 'multiprocessing': 0}"
0,0.0,0.0,0.0,0.0,0.99986,0.4415,1.0,0.6394,"{'epochs': 5, 'comm_round': 300, 'sample_fraction': 1.0, 'alpha': 0.01, 'dataset': 'tinyimagenet', 'datadir': '../data/', 'partition': 'iid', 'alg': 'sflv2', 'model': 'resnet-50', 'split_layer': 3, 'n_parties': 10, 'lr': 0.001, 'mu': 1, 'std_coeff': 2.5, 'unif_coeff': 0.5, 'batch_size': 64, 'load_first_net': 1, 'pool_option': 'FIFO', 'model_buffer_size': 1, 'optimizer': 'adam', 'simp_width': 1, 'out_dim': 256, 'reg': 0.0005, 'temperature': 0.5, 'logdir': './', 'log_file_name': 'logs/experiment_log-alg=sflv2_partition=iid_lr=0.001_epochs=5_num_users=10_beta=0.01_batch_size=64_opt=adam_dataset=tinyimagenet_2024-05-19-1328-35', 'seed': 123, 'device': 'cuda:5', 'accuracies_file': 'logs/resnet_50_10_users_tinyimagenet.csv', 'dont_skip': False, 'n_train_workers': 1, 'n_test_workers': 1, 'arch': 'mobilenet_v3_large', 'multiprocessing': 0}"
0,0.0,0.0,0.0,0.0,0.71757,0.4903,0.9288,0.7383,"{'epochs': 5, 'comm_round': 300, 'sample_fraction': 1.0, 'alpha': 0.01, 'dataset': 'tinyimagenet', 'datadir': '../data/', 'partition': 'iid', 'alg': 'sflv1', 'model': 'resnet-50', 'split_layer': 3, 'n_parties': 10, 'lr': 0.001, 'mu': 1, 'std_coeff': 2.5, 'unif_coeff': 0.5, 'batch_size': 64, 'load_first_net': 1, 'pool_option': 'FIFO', 'model_buffer_size': 1, 'optimizer': 'adam', 'simp_width': 1, 'out_dim': 256, 'reg': 0.0005, 'temperature': 0.5, 'logdir': './', 'log_file_name': 'logs/experiment_log-alg=sflv1_partition=iid_lr=0.001_epochs=5_num_users=10_beta=0.01_batch_size=64_opt=adam_dataset=tinyimagenet_2024-05-19-1539-12', 'seed': 123, 'device': 'cuda:1', 'accuracies_file': 'logs/resnet_50_10_users_tinyimagenet.csv', 'dont_skip': False, 'n_train_workers': 1, 'n_test_workers': 1, 'arch': 'mobilenet_v3_large', 'multiprocessing': 0}"
0,0.0,0.0,0.0,0.0,0.1826284411011523,0.1503,0.5079725512163893,0.4288,"{'epochs': 5, 'comm_round': 300, 'sample_fraction': 1.0, 'alpha': 0.01, 'dataset': 'tinyimagenet', 'datadir': '../data/', 'partition': 'noniid-labeldir', 'alg': 'sflv1', 'model': 'resnet-50', 'split_layer': 4, 'n_parties': 10, 'lr': 0.001, 'mu': 1, 'std_coeff': 2.5, 'unif_coeff': 0.5, 'batch_size': 64, 'load_first_net': 1, 'pool_option': 'FIFO', 'model_buffer_size': 1, 'optimizer': 'adam', 'simp_width': 1, 'out_dim': 256, 'reg': 0.0005, 'temperature': 0.5, 'logdir': './', 'log_file_name': 'logs/experiment_log-alg=sflv1_partition=noniid-labeldir_lr=0.001_epochs=5_num_users=10_beta=0.01_batch_size=64_opt=adam_dataset=tinyimagenet_2024-05-19-1256-14', 'seed': 1, 'device': 'cuda:3', 'accuracies_file': 'logs/resnet_50_10_users_tinyimagenet.csv', 'dont_skip': False, 'n_train_workers': 1, 'n_test_workers': 1, 'arch': 'mobilenet_v3_large', 'multiprocessing': 0}"
0,0.0,0.0,0.0,0.0,0.1445562580025608,0.1304,0.4139324583866837,0.3816,"{'epochs': 5, 'comm_round': 300, 'sample_fraction': 1.0, 'alpha': 0.01, 'dataset': 'tinyimagenet', 'datadir': '../data/', 'partition': 'noniid-labeldir', 'alg': 'sflv1', 'model': 'resnet-50', 'split_layer': 1, 'n_parties': 10, 'lr': 0.001, 'mu': 1, 'std_coeff': 2.5, 'unif_coeff': 0.5, 'batch_size': 64, 'load_first_net': 1, 'pool_option': 'FIFO', 'model_buffer_size': 1, 'optimizer': 'adam', 'simp_width': 1, 'out_dim': 256, 'reg': 0.0005, 'temperature': 0.5, 'logdir': './', 'log_file_name': 'logs/experiment_log-alg=sflv1_partition=noniid-labeldir_lr=0.001_epochs=5_num_users=10_beta=0.01_batch_size=64_opt=adam_dataset=tinyimagenet_2024-05-19-1741-52', 'seed': 123, 'device': 'cuda:2', 'accuracies_file': 'logs/resnet_50_10_users_tinyimagenet.csv', 'dont_skip': False, 'n_train_workers': 1, 'n_test_workers': 1, 'arch': 'mobilenet_v3_large', 'multiprocessing': 0}"
0,0.0,0.0,0.0,0.0,0.4673695582586428,0.2695,0.8925956306017926,0.5849,"{'epochs': 5, 'comm_round': 300, 'sample_fraction': 1.0, 'alpha': 0.01, 'dataset': 'tinyimagenet', 'datadir': '../data/', 'partition': 'noniid-labeldir', 'alg': 'sflv2', 'model': 'resnet-50', 'split_layer': 1, 'n_parties': 10, 'lr': 0.001, 'mu': 1, 'std_coeff': 2.5, 'unif_coeff': 0.5, 'batch_size': 64, 'load_first_net': 1, 'pool_option': 'FIFO', 'model_buffer_size': 1, 'optimizer': 'adam', 'simp_width': 1, 'out_dim': 256, 'reg': 0.0005, 'temperature': 0.5, 'logdir': './', 'log_file_name': 'logs/experiment_log-alg=sflv2_partition=noniid-labeldir_lr=0.001_epochs=5_num_users=10_beta=0.01_batch_size=64_opt=adam_dataset=tinyimagenet_2024-05-19-2028-41', 'seed': 123, 'device': 'cuda:6', 'accuracies_file': 'logs/resnet_50_10_users_tinyimagenet.csv', 'dont_skip': False, 'n_train_workers': 1, 'n_test_workers': 1, 'arch': 'mobilenet_v3_large', 'multiprocessing': 0}"
0,0.0,0.0,0.0,0.0,0.69489,0.4901,0.91735,0.7451,"{'epochs': 5, 'comm_round': 300, 'sample_fraction': 1.0, 'alpha': 0.01, 'dataset': 'tinyimagenet', 'datadir': '../data/', 'partition': 'iid', 'alg': 'sflv1', 'model': 'resnet-50', 'split_layer': 2, 'n_parties': 10, 'lr': 0.001, 'mu': 1, 'std_coeff': 2.5, 'unif_coeff': 0.5, 'batch_size': 64, 'load_first_net': 1, 'pool_option': 'FIFO', 'model_buffer_size': 1, 'optimizer': 'adam', 'simp_width': 1, 'out_dim': 256, 'reg': 0.0005, 'temperature': 0.5, 'logdir': './', 'log_file_name': 'logs/experiment_log-alg=sflv1_partition=iid_lr=0.001_epochs=5_num_users=10_beta=0.01_batch_size=64_opt=adam_dataset=tinyimagenet_2024-05-20-0319-37', 'seed': 12, 'device': 'cuda:0', 'accuracies_file': 'logs/resnet_50_10_users_tinyimagenet.csv', 'dont_skip': False, 'n_train_workers': 1, 'n_test_workers': 1, 'arch': 'mobilenet_v3_large', 'multiprocessing': 0}"
0,0.0,0.0,0.0,0.0,0.99984,0.5477,1.0,0.7551,"{'epochs': 5, 'comm_round': 300, 'sample_fraction': 1.0, 'alpha': 0.01, 'dataset': 'tinyimagenet', 'datadir': '../data/', 'partition': 'iid', 'alg': 'sflv2', 'model': 'resnet-50', 'split_layer': 1, 'n_parties': 10, 'lr': 0.001, 'mu': 1, 'std_coeff': 2.5, 'unif_coeff': 0.5, 'batch_size': 64, 'load_first_net': 1, 'pool_option': 'FIFO', 'model_buffer_size': 1, 'optimizer': 'adam', 'simp_width': 1, 'out_dim': 256, 'reg': 0.0005, 'temperature': 0.5, 'logdir': './', 'log_file_name': 'logs/experiment_log-alg=sflv2_partition=iid_lr=0.001_epochs=5_num_users=10_beta=0.01_batch_size=64_opt=adam_dataset=tinyimagenet_2024-05-20-1122-19', 'seed': 123, 'device': 'cuda:4', 'accuracies_file': 'logs/resnet_50_10_users_tinyimagenet.csv', 'dont_skip': False, 'n_train_workers': 1, 'n_test_workers': 1, 'arch': 'mobilenet_v3_large', 'multiprocessing': 0}"
0,0.0,0.0,0.0,0.0,0.99482,0.4404,1.0,0.6794,"{'epochs': 5, 'comm_round': 300, 'sample_fraction': 1.0, 'alpha': 0.01, 'dataset': 'tinyimagenet', 'datadir': '../data/', 'partition': 'iid', 'alg': 'sflv2', 'model': 'resnet-50', 'split_layer': 4, 'n_parties': 10, 'lr': 0.001, 'mu': 1, 'std_coeff': 2.5, 'unif_coeff': 0.5, 'batch_size': 64, 'load_first_net': 1, 'pool_option': 'FIFO', 'model_buffer_size': 1, 'optimizer': 'adam', 'simp_width': 1, 'out_dim': 256, 'reg': 0.0005, 'temperature': 0.5, 'logdir': './', 'log_file_name': 'logs/experiment_log-alg=sflv2_partition=iid_lr=0.001_epochs=5_num_users=10_beta=0.01_batch_size=64_opt=adam_dataset=tinyimagenet_2024-05-21-1018-43', 'seed': 1, 'device': 'cuda:5', 'accuracies_file': 'logs/resnet_50_10_users_tinyimagenet.csv', 'dont_skip': False, 'n_train_workers': 1, 'n_test_workers': 1, 'arch': 'mobilenet_v3_large', 'multiprocessing': 0}"
0,0.0,0.0,0.0,0.0,0.74816,0.4823,0.9453,0.732,"{'epochs': 5, 'comm_round': 300, 'sample_fraction': 1.0, 'alpha': 0.01, 'dataset': 'tinyimagenet', 'datadir': '../data/', 'partition': 'iid', 'alg': 'sflv1', 'model': 'resnet-50', 'split_layer': 4, 'n_parties': 10, 'lr': 0.001, 'mu': 1, 'std_coeff': 2.5, 'unif_coeff': 0.5, 'batch_size': 64, 'load_first_net': 1, 'pool_option': 'FIFO', 'model_buffer_size': 1, 'optimizer': 'adam', 'simp_width': 1, 'out_dim': 256, 'reg': 0.0005, 'temperature': 0.5, 'logdir': './', 'log_file_name': 'logs/experiment_log-alg=sflv1_partition=iid_lr=0.001_epochs=5_num_users=10_beta=0.01_batch_size=64_opt=adam_dataset=tinyimagenet_2024-05-21-1020-05', 'seed': 1, 'device': 'cuda:1', 'accuracies_file': 'logs/resnet_50_10_users_tinyimagenet.csv', 'dont_skip': False, 'n_train_workers': 1, 'n_test_workers': 1, 'arch': 'mobilenet_v3_large', 'multiprocessing': 0}"
0,0.0,0.0,0.0,0.0,0.1624219750320102,0.1315,0.4889264564660691,0.4148,"{'epochs': 5, 'comm_round': 300, 'sample_fraction': 1.0, 'alpha': 0.01, 'dataset': 'tinyimagenet', 'datadir': '../data/', 'partition': 'noniid-labeldir', 'alg': 'sflv1', 'model': 'resnet-50', 'split_layer': 4, 'n_parties': 10, 'lr': 0.001, 'mu': 1, 'std_coeff': 2.5, 'unif_coeff': 0.5, 'batch_size': 64, 'load_first_net': 1, 'pool_option': 'FIFO', 'model_buffer_size': 1, 'optimizer': 'adam', 'simp_width': 1, 'out_dim': 256, 'reg': 0.0005, 'temperature': 0.5, 'logdir': './', 'log_file_name': 'logs/experiment_log-alg=sflv1_partition=noniid-labeldir_lr=0.001_epochs=5_num_users=10_beta=0.01_batch_size=64_opt=adam_dataset=tinyimagenet_2024-05-21-1021-49', 'seed': 12, 'device': 'cuda:3', 'accuracies_file': 'logs/resnet_50_10_users_tinyimagenet.csv', 'dont_skip': False, 'n_train_workers': 1, 'n_test_workers': 1, 'arch': 'mobilenet_v3_large', 'multiprocessing': 0}"
0,0.0,0.0,0.0,0.0,0.1605313700384122,0.1408,0.4400308098591549,0.4007,"{'epochs': 5, 'comm_round': 300, 'sample_fraction': 1.0, 'alpha': 0.01, 'dataset': 'tinyimagenet', 'datadir': '../data/', 'partition': 'noniid-labeldir', 'alg': 'sflv1', 'model': 'resnet-50', 'split_layer': 2, 'n_parties': 10, 'lr': 0.001, 'mu': 1, 'std_coeff': 2.5, 'unif_coeff': 0.5, 'batch_size': 64, 'load_first_net': 1, 'pool_option': 'FIFO', 'model_buffer_size': 1, 'optimizer': 'adam', 'simp_width': 1, 'out_dim': 256, 'reg': 0.0005, 'temperature': 0.5, 'logdir': './', 'log_file_name': 'logs/experiment_log-alg=sflv1_partition=noniid-labeldir_lr=0.001_epochs=5_num_users=10_beta=0.01_batch_size=64_opt=adam_dataset=tinyimagenet_2024-05-21-1118-50', 'seed': 1, 'device': 'cuda:2', 'accuracies_file': 'logs/resnet_50_10_users_tinyimagenet.csv', 'dont_skip': False, 'n_train_workers': 1, 'n_test_workers': 1, 'arch': 'mobilenet_v3_large', 'multiprocessing': 0}"
0,0.0,0.0,0.0,0.0,0.3645266485275288,0.1995,0.873749599871959,0.4979,"{'epochs': 5, 'comm_round': 300, 'sample_fraction': 1.0, 'alpha': 0.01, 'dataset': 'tinyimagenet', 'datadir': '../data/', 'partition': 'noniid-labeldir', 'alg': 'sflv2', 'model': 'resnet-50', 'split_layer': 2, 'n_parties': 10, 'lr': 0.001, 'mu': 1, 'std_coeff': 2.5, 'unif_coeff': 0.5, 'batch_size': 64, 'load_first_net': 1, 'pool_option': 'FIFO', 'model_buffer_size': 1, 'optimizer': 'adam', 'simp_width': 1, 'out_dim': 256, 'reg': 0.0005, 'temperature': 0.5, 'logdir': './', 'log_file_name': 'logs/experiment_log-alg=sflv2_partition=noniid-labeldir_lr=0.001_epochs=5_num_users=10_beta=0.01_batch_size=64_opt=adam_dataset=tinyimagenet_2024-05-21-1745-51', 'seed': 1, 'device': 'cuda:6', 'accuracies_file': 'logs/resnet_50_10_users_tinyimagenet.csv', 'dont_skip': False, 'n_train_workers': 1, 'n_test_workers': 1, 'arch': 'mobilenet_v3_large', 'multiprocessing': 0}"
0,0.0,0.0,0.0,0.0,0.7007,0.5013,0.92048,0.7497,"{'epochs': 5, 'comm_round': 300, 'sample_fraction': 1.0, 'alpha': 0.01, 'dataset': 'tinyimagenet', 'datadir': '../data/', 'partition': 'iid', 'alg': 'sflv1', 'model': 'resnet-50', 'split_layer': 2, 'n_parties': 10, 'lr': 0.001, 'mu': 1, 'std_coeff': 2.5, 'unif_coeff': 0.5, 'batch_size': 64, 'load_first_net': 1, 'pool_option': 'FIFO', 'model_buffer_size': 1, 'optimizer': 'adam', 'simp_width': 1, 'out_dim': 256, 'reg': 0.0005, 'temperature': 0.5, 'logdir': './', 'log_file_name': 'logs/experiment_log-alg=sflv1_partition=iid_lr=0.001_epochs=5_num_users=10_beta=0.01_batch_size=64_opt=adam_dataset=tinyimagenet_2024-05-21-1930-59', 'seed': 123, 'device': 'cuda:0', 'accuracies_file': 'logs/resnet_50_10_users_tinyimagenet.csv', 'dont_skip': False, 'n_train_workers': 1, 'n_test_workers': 1, 'arch': 'mobilenet_v3_large', 'multiprocessing': 0}"
0,0.0,0.0,0.0,0.0,0.99985,0.5089,1.0,0.7138,"{'epochs': 5, 'comm_round': 300, 'sample_fraction': 1.0, 'alpha': 0.01, 'dataset': 'tinyimagenet', 'datadir': '../data/', 'partition': 'iid', 'alg': 'sflv2', 'model': 'resnet-50', 'split_layer': 2, 'n_parties': 10, 'lr': 0.001, 'mu': 1, 'std_coeff': 2.5, 'unif_coeff': 0.5, 'batch_size': 64, 'load_first_net': 1, 'pool_option': 'FIFO', 'model_buffer_size': 1, 'optimizer': 'adam', 'simp_width': 1, 'out_dim': 256, 'reg': 0.0005, 'temperature': 0.5, 'logdir': './', 'log_file_name': 'logs/experiment_log-alg=sflv2_partition=iid_lr=0.001_epochs=5_num_users=10_beta=0.01_batch_size=64_opt=adam_dataset=tinyimagenet_2024-05-22-1155-50', 'seed': 1, 'device': 'cuda:4', 'accuracies_file': 'logs/resnet_50_10_users_tinyimagenet.csv', 'dont_skip': False, 'n_train_workers': 1, 'n_test_workers': 1, 'arch': 'mobilenet_v3_large', 'multiprocessing': 0}"
0,0.0,0.0,0.0,0.0,0.99414,0.4395,1.0,0.6781,"{'epochs': 5, 'comm_round': 300, 'sample_fraction': 1.0, 'alpha': 0.01, 'dataset': 'tinyimagenet', 'datadir': '../data/', 'partition': 'iid', 'alg': 'sflv2', 'model': 'resnet-50', 'split_layer': 4, 'n_parties': 10, 'lr': 0.001, 'mu': 1, 'std_coeff': 2.5, 'unif_coeff': 0.5, 'batch_size': 64, 'load_first_net': 1, 'pool_option': 'FIFO', 'model_buffer_size': 1, 'optimizer': 'adam', 'simp_width': 1, 'out_dim': 256, 'reg': 0.0005, 'temperature': 0.5, 'logdir': './', 'log_file_name': 'logs/experiment_log-alg=sflv2_partition=iid_lr=0.001_epochs=5_num_users=10_beta=0.01_batch_size=64_opt=adam_dataset=tinyimagenet_2024-05-22-2337-08', 'seed': 12, 'device': 'cuda:5', 'accuracies_file': 'logs/resnet_50_10_users_tinyimagenet.csv', 'dont_skip': False, 'n_train_workers': 1, 'n_test_workers': 1, 'arch': 'mobilenet_v3_large', 'multiprocessing': 0}"
0,0.0,0.0,0.0,0.0,0.7348,0.4781,0.93886,0.7281,"{'epochs': 5, 'comm_round': 300, 'sample_fraction': 1.0, 'alpha': 0.01, 'dataset': 'tinyimagenet', 'datadir': '../data/', 'partition': 'iid', 'alg': 'sflv1', 'model': 'resnet-50', 'split_layer': 4, 'n_parties': 10, 'lr': 0.001, 'mu': 1, 'std_coeff': 2.5, 'unif_coeff': 0.5, 'batch_size': 64, 'load_first_net': 1, 'pool_option': 'FIFO', 'model_buffer_size': 1, 'optimizer': 'adam', 'simp_width': 1, 'out_dim': 256, 'reg': 0.0005, 'temperature': 0.5, 'logdir': './', 'log_file_name': 'logs/experiment_log-alg=sflv1_partition=iid_lr=0.001_epochs=5_num_users=10_beta=0.01_batch_size=64_opt=adam_dataset=tinyimagenet_2024-05-23-0209-34', 'seed': 12, 'device': 'cuda:1', 'accuracies_file': 'logs/resnet_50_10_users_tinyimagenet.csv', 'dont_skip': False, 'n_train_workers': 1, 'n_test_workers': 1, 'arch': 'mobilenet_v3_large', 'multiprocessing': 0}"
0,0.0,0.0,0.0,0.0,0.1684839148527528,0.135,0.4776328425096031,0.3955,"{'epochs': 5, 'comm_round': 300, 'sample_fraction': 1.0, 'alpha': 0.01, 'dataset': 'tinyimagenet', 'datadir': '../data/', 'partition': 'noniid-labeldir', 'alg': 'sflv1', 'model': 'resnet-50', 'split_layer': 4, 'n_parties': 10, 'lr': 0.001, 'mu': 1, 'std_coeff': 2.5, 'unif_coeff': 0.5, 'batch_size': 64, 'load_first_net': 1, 'pool_option': 'FIFO', 'model_buffer_size': 1, 'optimizer': 'adam', 'simp_width': 1, 'out_dim': 256, 'reg': 0.0005, 'temperature': 0.5, 'logdir': './', 'log_file_name': 'logs/experiment_log-alg=sflv1_partition=noniid-labeldir_lr=0.001_epochs=5_num_users=10_beta=0.01_batch_size=64_opt=adam_dataset=tinyimagenet_2024-05-23-0304-35', 'seed': 123, 'device': 'cuda:3', 'accuracies_file': 'logs/resnet_50_10_users_tinyimagenet.csv', 'dont_skip': False, 'n_train_workers': 1, 'n_test_workers': 1, 'arch': 'mobilenet_v3_large', 'multiprocessing': 0}"
0,0.0,0.0,0.0,0.0,0.1460867477592829,0.129,0.4306278008962868,0.3949,"{'epochs': 5, 'comm_round': 300, 'sample_fraction': 1.0, 'alpha': 0.01, 'dataset': 'tinyimagenet', 'datadir': '../data/', 'partition': 'noniid-labeldir', 'alg': 'sflv1', 'model': 'resnet-50', 'split_layer': 2, 'n_parties': 10, 'lr': 0.001, 'mu': 1, 'std_coeff': 2.5, 'unif_coeff': 0.5, 'batch_size': 64, 'load_first_net': 1, 'pool_option': 'FIFO', 'model_buffer_size': 1, 'optimizer': 'adam', 'simp_width': 1, 'out_dim': 256, 'reg': 0.0005, 'temperature': 0.5, 'logdir': './', 'log_file_name': 'logs/experiment_log-alg=sflv1_partition=noniid-labeldir_lr=0.001_epochs=5_num_users=10_beta=0.01_batch_size=64_opt=adam_dataset=tinyimagenet_2024-05-23-0348-22', 'seed': 12, 'device': 'cuda:2', 'accuracies_file': 'logs/resnet_50_10_users_tinyimagenet.csv', 'dont_skip': False, 'n_train_workers': 1, 'n_test_workers': 1, 'arch': 'mobilenet_v3_large', 'multiprocessing': 0}"
0,0.0,0.0,0.0,0.0,0.4220050416133162,0.2816,0.8025768245838668,0.5691,"{'epochs': 5, 'comm_round': 300, 'sample_fraction': 1.0, 'alpha': 0.01, 'dataset': 'tinyimagenet', 'datadir': '../data/', 'partition': 'noniid-labeldir', 'alg': 'fedavg', 'model': 'resnet-50', 'split_layer': 1, 'n_parties': 10, 'lr': 0.001, 'mu': 1, 'std_coeff': 2.5, 'unif_coeff': 0.5, 'batch_size': 64, 'load_first_net': 1, 'pool_option': 'FIFO', 'model_buffer_size': 1, 'optimizer': 'adam', 'simp_width': 1, 'out_dim': 256, 'reg': 0.0005, 'temperature': 0.5, 'logdir': './', 'log_file_name': 'logs/experiment_log-alg=fedavg_partition=noniid-labeldir_lr=0.001_epochs=5_num_users=10_beta=0.01_batch_size=64_opt=adam_dataset=tinyimagenet_2024-05-23-0957-33', 'seed': 1, 'device': 'cuda:0', 'accuracies_file': 'logs/resnet_50_10_users_tinyimagenet.csv', 'dont_skip': False, 'n_train_workers': 1, 'n_test_workers': 1, 'arch': 'mobilenet_v3_large', 'multiprocessing': 0}"
0,0.0,0.0,0.0,0.0,0.4650188060179257,0.2419,0.8942361555697823,0.5225,"{'epochs': 5, 'comm_round': 300, 'sample_fraction': 1.0, 'alpha': 0.01, 'dataset': 'tinyimagenet', 'datadir': '../data/', 'partition': 'noniid-labeldir', 'alg': 'sflv2', 'model': 'resnet-50', 'split_layer': 2, 'n_parties': 10, 'lr': 0.001, 'mu': 1, 'std_coeff': 2.5, 'unif_coeff': 0.5, 'batch_size': 64, 'load_first_net': 1, 'pool_option': 'FIFO', 'model_buffer_size': 1, 'optimizer': 'adam', 'simp_width': 1, 'out_dim': 256, 'reg': 0.0005, 'temperature': 0.5, 'logdir': './', 'log_file_name': 'logs/experiment_log-alg=sflv2_partition=noniid-labeldir_lr=0.001_epochs=5_num_users=10_beta=0.01_batch_size=64_opt=adam_dataset=tinyimagenet_2024-05-23-0646-50', 'seed': 12, 'device': 'cuda:6', 'accuracies_file': 'logs/resnet_50_10_users_tinyimagenet.csv', 'dont_skip': False, 'n_train_workers': 1, 'n_test_workers': 1, 'arch': 'mobilenet_v3_large', 'multiprocessing': 0}"
0,0.0,0.0,0.0,0.0,0.99984,0.508,1.0,0.7092,"{'epochs': 5, 'comm_round': 300, 'sample_fraction': 1.0, 'alpha': 0.01, 'dataset': 'tinyimagenet', 'datadir': '../data/', 'partition': 'iid', 'alg': 'sflv2', 'model': 'resnet-50', 'split_layer': 2, 'n_parties': 10, 'lr': 0.001, 'mu': 1, 'std_coeff': 2.5, 'unif_coeff': 0.5, 'batch_size': 64, 'load_first_net': 1, 'pool_option': 'FIFO', 'model_buffer_size': 1, 'optimizer': 'adam', 'simp_width': 1, 'out_dim': 256, 'reg': 0.0005, 'temperature': 0.5, 'logdir': './', 'log_file_name': 'logs/experiment_log-alg=sflv2_partition=iid_lr=0.001_epochs=5_num_users=10_beta=0.01_batch_size=64_opt=adam_dataset=tinyimagenet_2024-05-24-0235-08', 'seed': 12, 'device': 'cuda:4', 'accuracies_file': 'logs/resnet_50_10_users_tinyimagenet.csv', 'dont_skip': False, 'n_train_workers': 1, 'n_test_workers': 1, 'arch': 'mobilenet_v3_large', 'multiprocessing': 0}"
0,0.0,0.0,0.0,0.0,0.99215,0.4357,0.99998,0.6697,"{'epochs': 5, 'comm_round': 300, 'sample_fraction': 1.0, 'alpha': 0.01, 'dataset': 'tinyimagenet', 'datadir': '../data/', 'partition': 'iid', 'alg': 'sflv2', 'model': 'resnet-50', 'split_layer': 4, 'n_parties': 10, 'lr': 0.001, 'mu': 1, 'std_coeff': 2.5, 'unif_coeff': 0.5, 'batch_size': 64, 'load_first_net': 1, 'pool_option': 'FIFO', 'model_buffer_size': 1, 'optimizer': 'adam', 'simp_width': 1, 'out_dim': 256, 'reg': 0.0005, 'temperature': 0.5, 'logdir': './', 'log_file_name': 'logs/experiment_log-alg=sflv2_partition=iid_lr=0.001_epochs=5_num_users=10_beta=0.01_batch_size=64_opt=adam_dataset=tinyimagenet_2024-05-24-1413-48', 'seed': 123, 'device': 'cuda:5', 'accuracies_file': 'logs/resnet_50_10_users_tinyimagenet.csv', 'dont_skip': False, 'n_train_workers': 1, 'n_test_workers': 1, 'arch': 'mobilenet_v3_large', 'multiprocessing': 0}"
0,0.0,0.0,0.0,0.0,0.7402,0.483,0.94173,0.7301,"{'epochs': 5, 'comm_round': 300, 'sample_fraction': 1.0, 'alpha': 0.01, 'dataset': 'tinyimagenet', 'datadir': '../data/', 'partition': 'iid', 'alg': 'sflv1', 'model': 'resnet-50', 'split_layer': 4, 'n_parties': 10, 'lr': 0.001, 'mu': 1, 'std_coeff': 2.5, 'unif_coeff': 0.5, 'batch_size': 64, 'load_first_net': 1, 'pool_option': 'FIFO', 'model_buffer_size': 1, 'optimizer': 'adam', 'simp_width': 1, 'out_dim': 256, 'reg': 0.0005, 'temperature': 0.5, 'logdir': './', 'log_file_name': 'logs/experiment_log-alg=sflv1_partition=iid_lr=0.001_epochs=5_num_users=10_beta=0.01_batch_size=64_opt=adam_dataset=tinyimagenet_2024-05-24-1615-46', 'seed': 123, 'device': 'cuda:1', 'accuracies_file': 'logs/resnet_50_10_users_tinyimagenet.csv', 'dont_skip': False, 'n_train_workers': 1, 'n_test_workers': 1, 'arch': 'mobilenet_v3_large', 'multiprocessing': 0}"
0,0.0,0.0,0.0,0.0,0.1488576344430217,0.1328,0.4210247279129321,0.3843,"{'epochs': 5, 'comm_round': 300, 'sample_fraction': 1.0, 'alpha': 0.01, 'dataset': 'tinyimagenet', 'datadir': '../data/', 'partition': 'noniid-labeldir', 'alg': 'sflv1', 'model': 'resnet-50', 'split_layer': 2, 'n_parties': 10, 'lr': 0.001, 'mu': 1, 'std_coeff': 2.5, 'unif_coeff': 0.5, 'batch_size': 64, 'load_first_net': 1, 'pool_option': 'FIFO', 'model_buffer_size': 1, 'optimizer': 'adam', 'simp_width': 1, 'out_dim': 256, 'reg': 0.0005, 'temperature': 0.5, 'logdir': './', 'log_file_name': 'logs/experiment_log-alg=sflv1_partition=noniid-labeldir_lr=0.001_epochs=5_num_users=10_beta=0.01_batch_size=64_opt=adam_dataset=tinyimagenet_2024-05-24-2159-45', 'seed': 123, 'device': 'cuda:2', 'accuracies_file': 'logs/resnet_50_10_users_tinyimagenet.csv', 'dont_skip': False, 'n_train_workers': 1, 'n_test_workers': 1, 'arch': 'mobilenet_v3_large', 'multiprocessing': 0}"
0,0.0,0.0,0.0,0.0,0.488556338028169,0.2352,0.9119018085787453,0.5261,"{'epochs': 5, 'comm_round': 300, 'sample_fraction': 1.0, 'alpha': 0.01, 'dataset': 'tinyimagenet', 'datadir': '../data/', 'partition': 'noniid-labeldir', 'alg': 'sflv2', 'model': 'resnet-50', 'split_layer': 2, 'n_parties': 10, 'lr': 0.001, 'mu': 1, 'std_coeff': 2.5, 'unif_coeff': 0.5, 'batch_size': 64, 'load_first_net': 1, 'pool_option': 'FIFO', 'model_buffer_size': 1, 'optimizer': 'adam', 'simp_width': 1, 'out_dim': 256, 'reg': 0.0005, 'temperature': 0.5, 'logdir': './', 'log_file_name': 'logs/experiment_log-alg=sflv2_partition=noniid-labeldir_lr=0.001_epochs=5_num_users=10_beta=0.01_batch_size=64_opt=adam_dataset=tinyimagenet_2024-05-25-0014-59', 'seed': 123, 'device': 'cuda:6', 'accuracies_file': 'logs/resnet_50_10_users_tinyimagenet.csv', 'dont_skip': False, 'n_train_workers': 1, 'n_test_workers': 1, 'arch': 'mobilenet_v3_large', 'multiprocessing': 0}"
0,0.0,0.0,0.0,0.0,0.4229153329065301,0.2865,0.8160911491677336,0.5769,"{'epochs': 5, 'comm_round': 300, 'sample_fraction': 1.0, 'alpha': 0.01, 'dataset': 'tinyimagenet', 'datadir': '../data/', 'partition': 'noniid-labeldir', 'alg': 'fedavg', 'model': 'resnet-50', 'split_layer': 1, 'n_parties': 10, 'lr': 0.001, 'mu': 1, 'std_coeff': 2.5, 'unif_coeff': 0.5, 'batch_size': 64, 'load_first_net': 1, 'pool_option': 'FIFO', 'model_buffer_size': 1, 'optimizer': 'adam', 'simp_width': 1, 'out_dim': 256, 'reg': 0.0005, 'temperature': 0.5, 'logdir': './', 'log_file_name': 'logs/experiment_log-alg=fedavg_partition=noniid-labeldir_lr=0.001_epochs=5_num_users=10_beta=0.01_batch_size=64_opt=adam_dataset=tinyimagenet_2024-05-24-2350-07', 'seed': 12, 'device': 'cuda:0', 'accuracies_file': 'logs/resnet_50_10_users_tinyimagenet.csv', 'dont_skip': False, 'n_train_workers': 1, 'n_test_workers': 1, 'arch': 'mobilenet_v3_large', 'multiprocessing': 0}"
0,0.0,0.0,0.0,0.0,0.99985,0.5088,1.0,0.7102,"{'epochs': 5, 'comm_round': 300, 'sample_fraction': 1.0, 'alpha': 0.01, 'dataset': 'tinyimagenet', 'datadir': '../data/', 'partition': 'iid', 'alg': 'sflv2', 'model': 'resnet-50', 'split_layer': 2, 'n_parties': 10, 'lr': 0.001, 'mu': 1, 'std_coeff': 2.5, 'unif_coeff': 0.5, 'batch_size': 64, 'load_first_net': 1, 'pool_option': 'FIFO', 'model_buffer_size': 1, 'optimizer': 'adam', 'simp_width': 1, 'out_dim': 256, 'reg': 0.0005, 'temperature': 0.5, 'logdir': './', 'log_file_name': 'logs/experiment_log-alg=sflv2_partition=iid_lr=0.001_epochs=5_num_users=10_beta=0.01_batch_size=64_opt=adam_dataset=tinyimagenet_2024-05-25-1519-26', 'seed': 123, 'device': 'cuda:4', 'accuracies_file': 'logs/resnet_50_10_users_tinyimagenet.csv', 'dont_skip': False, 'n_train_workers': 1, 'n_test_workers': 1, 'arch': 'mobilenet_v3_large', 'multiprocessing': 0}"
0,0.0,0.0,0.0,0.0,0.5754341389244558,0.2541,0.950104033290653,0.5481,"{'epochs': 5, 'comm_round': 300, 'sample_fraction': 1.0, 'alpha': 0.01, 'dataset': 'tinyimagenet', 'datadir': '../data/', 'partition': 'noniid-labeldir', 'alg': 'sflv2', 'model': 'resnet-50', 'split_layer': 3, 'n_parties': 10, 'lr': 0.001, 'mu': 1, 'std_coeff': 2.5, 'unif_coeff': 0.5, 'batch_size': 64, 'load_first_net': 1, 'pool_option': 'FIFO', 'model_buffer_size': 1, 'optimizer': 'adam', 'simp_width': 1, 'out_dim': 256, 'reg': 0.0005, 'temperature': 0.5, 'logdir': './', 'log_file_name': 'logs/experiment_log-alg=sflv2_partition=noniid-labeldir_lr=0.001_epochs=5_num_users=10_beta=0.01_batch_size=64_opt=adam_dataset=tinyimagenet_2024-05-26-1124-12', 'seed': 1, 'device': 'cuda:2', 'accuracies_file': 'logs/resnet_50_10_users_tinyimagenet.csv', 'dont_skip': False, 'n_train_workers': 1, 'n_test_workers': 1, 'arch': 'mobilenet_v3_large', 'multiprocessing': 0}"
0,0.0,0.0,0.0,0.0,0.4145926696542893,0.2817,0.7930537772087067,0.5783,"{'epochs': 5, 'comm_round': 300, 'sample_fraction': 1.0, 'alpha': 0.01, 'dataset': 'tinyimagenet', 'datadir': '../data/', 'partition': 'noniid-labeldir', 'alg': 'fedavg', 'model': 'resnet-50', 'split_layer': 1, 'n_parties': 10, 'lr': 0.001, 'mu': 1, 'std_coeff': 2.5, 'unif_coeff': 0.5, 'batch_size': 64, 'load_first_net': 1, 'pool_option': 'FIFO', 'model_buffer_size': 1, 'optimizer': 'adam', 'simp_width': 1, 'out_dim': 256, 'reg': 0.0005, 'temperature': 0.5, 'logdir': './', 'log_file_name': 'logs/experiment_log-alg=fedavg_partition=noniid-labeldir_lr=0.001_epochs=5_num_users=10_beta=0.01_batch_size=64_opt=adam_dataset=tinyimagenet_2024-05-26-1317-21', 'seed': 123, 'device': 'cuda:0', 'accuracies_file': 'logs/resnet_50_10_users_tinyimagenet.csv', 'dont_skip': False, 'n_train_workers': 1, 'n_test_workers': 1, 'arch': 'mobilenet_v3_large', 'multiprocessing': 0}"
0,0.0,0.0,0.0,0.0,0.89098,0.4755,0.99174,0.7312,"{'epochs': 5, 'comm_round': 300, 'sample_fraction': 1.0, 'alpha': 0.01, 'dataset': 'tinyimagenet', 'datadir': '../data/', 'partition': 'iid', 'alg': 'fedavg', 'model': 'resnet-50', 'split_layer': 1, 'n_parties': 10, 'lr': 0.001, 'mu': 1, 'std_coeff': 2.5, 'unif_coeff': 0.5, 'batch_size': 64, 'load_first_net': 1, 'pool_option': 'FIFO', 'model_buffer_size': 1, 'optimizer': 'adam', 'simp_width': 1, 'out_dim': 256, 'reg': 0.0005, 'temperature': 0.5, 'logdir': './', 'log_file_name': 'logs/experiment_log-alg=fedavg_partition=iid_lr=0.001_epochs=5_num_users=10_beta=0.01_batch_size=64_opt=adam_dataset=tinyimagenet_2024-05-26-1308-39', 'seed': 1, 'device': 'cuda:6', 'accuracies_file': 'logs/resnet_50_10_users_tinyimagenet.csv', 'dont_skip': False, 'n_train_workers': 1, 'n_test_workers': 1, 'arch': 'mobilenet_v3_large', 'multiprocessing': 0}"
0,0.0,0.0,0.0,0.0,0.6241297215108835,0.2825,0.9292073463508322,0.5361,"{'epochs': 5, 'comm_round': 300, 'sample_fraction': 1.0, 'alpha': 0.01, 'dataset': 'tinyimagenet', 'datadir': '../data/', 'partition': 'noniid-labeldir', 'alg': 'sflv2', 'model': 'resnet-50', 'split_layer': 3, 'n_parties': 10, 'lr': 0.001, 'mu': 1, 'std_coeff': 2.5, 'unif_coeff': 0.5, 'batch_size': 64, 'load_first_net': 1, 'pool_option': 'FIFO', 'model_buffer_size': 1, 'optimizer': 'adam', 'simp_width': 1, 'out_dim': 256, 'reg': 0.0005, 'temperature': 0.5, 'logdir': './', 'log_file_name': 'logs/experiment_log-alg=sflv2_partition=noniid-labeldir_lr=0.001_epochs=5_num_users=10_beta=0.01_batch_size=64_opt=adam_dataset=tinyimagenet_2024-05-28-0441-20', 'seed': 12, 'device': 'cuda:2', 'accuracies_file': 'logs/resnet_50_10_users_tinyimagenet.csv', 'dont_skip': False, 'n_train_workers': 1, 'n_test_workers': 1, 'arch': 'mobilenet_v3_large', 'multiprocessing': 0}"
0,0.0,0.0,0.0,0.0,0.88829,0.4742,0.99119,0.7255,"{'epochs': 5, 'comm_round': 300, 'sample_fraction': 1.0, 'alpha': 0.01, 'dataset': 'tinyimagenet', 'datadir': '../data/', 'partition': 'iid', 'alg': 'fedavg', 'model': 'resnet-50', 'split_layer': 1, 'n_parties': 10, 'lr': 0.001, 'mu': 1, 'std_coeff': 2.5, 'unif_coeff': 0.5, 'batch_size': 64, 'load_first_net': 1, 'pool_option': 'FIFO', 'model_buffer_size': 1, 'optimizer': 'adam', 'simp_width': 1, 'out_dim': 256, 'reg': 0.0005, 'temperature': 0.5, 'logdir': './', 'log_file_name': 'logs/experiment_log-alg=fedavg_partition=iid_lr=0.001_epochs=5_num_users=10_beta=0.01_batch_size=64_opt=adam_dataset=tinyimagenet_2024-05-28-0746-19', 'seed': 12, 'device': 'cuda:6', 'accuracies_file': 'logs/resnet_50_10_users_tinyimagenet.csv', 'dont_skip': False, 'n_train_workers': 1, 'n_test_workers': 1, 'arch': 'mobilenet_v3_large', 'multiprocessing': 0}"
0,0.0,0.0,0.0,0.0,0.6064040492957746,0.2757,0.9173835627400768,0.5351,"{'epochs': 5, 'comm_round': 300, 'sample_fraction': 1.0, 'alpha': 0.01, 'dataset': 'tinyimagenet', 'datadir': '../data/', 'partition': 'noniid-labeldir', 'alg': 'sflv2', 'model': 'resnet-50', 'split_layer': 3, 'n_parties': 10, 'lr': 0.001, 'mu': 1, 'std_coeff': 2.5, 'unif_coeff': 0.5, 'batch_size': 64, 'load_first_net': 1, 'pool_option': 'FIFO', 'model_buffer_size': 1, 'optimizer': 'adam', 'simp_width': 1, 'out_dim': 256, 'reg': 0.0005, 'temperature': 0.5, 'logdir': './', 'log_file_name': 'logs/experiment_log-alg=sflv2_partition=noniid-labeldir_lr=0.001_epochs=5_num_users=10_beta=0.01_batch_size=64_opt=adam_dataset=tinyimagenet_2024-05-30-0140-58', 'seed': 123, 'device': 'cuda:2', 'accuracies_file': 'logs/resnet_50_10_users_tinyimagenet.csv', 'dont_skip': False, 'n_train_workers': 1, 'n_test_workers': 1, 'arch': 'mobilenet_v3_large', 'multiprocessing': 0}"
0,0.0,0.0,0.0,0.0,0.89377,0.4751,0.99145,0.7247,"{'epochs': 5, 'comm_round': 300, 'sample_fraction': 1.0, 'alpha': 0.01, 'dataset': 'tinyimagenet', 'datadir': '../data/', 'partition': 'iid', 'alg': 'fedavg', 'model': 'resnet-50', 'split_layer': 1, 'n_parties': 10, 'lr': 0.001, 'mu': 1, 'std_coeff': 2.5, 'unif_coeff': 0.5, 'batch_size': 64, 'load_first_net': 1, 'pool_option': 'FIFO', 'model_buffer_size': 1, 'optimizer': 'adam', 'simp_width': 1, 'out_dim': 256, 'reg': 0.0005, 'temperature': 0.5, 'logdir': './', 'log_file_name': 'logs/experiment_log-alg=fedavg_partition=iid_lr=0.001_epochs=5_num_users=10_beta=0.01_batch_size=64_opt=adam_dataset=tinyimagenet_2024-05-30-0445-59', 'seed': 123, 'device': 'cuda:6', 'accuracies_file': 'logs/resnet_50_10_users_tinyimagenet.csv', 'dont_skip': False, 'n_train_workers': 1, 'n_test_workers': 1, 'arch': 'mobilenet_v3_large', 'multiprocessing': 0}"
0,0.0,0.0,0.0,0.0,0.9718109795134443,0.5434,1.0,0.7694,"{'epochs': 5, 'comm_round': 300, 'sample_fraction': 1.0, 'alpha': 0.01, 'dataset': 'tinyimagenet', 'datadir': '../data/', 'partition': 'noniid-labeldir', 'alg': 'fedavg', 'model': 'resnet-50', 'split_layer': 1, 'n_parties': 10, 'lr': 0.01, 'mu': 1, 'std_coeff': 2.5, 'unif_coeff': 0.5, 'batch_size': 64, 'load_first_net': 1, 'pool_option': 'FIFO', 'model_buffer_size': 1, 'optimizer': 'sgd', 'simp_width': 1, 'out_dim': 256, 'reg': 0.0005, 'temperature': 0.5, 'logdir': './', 'log_file_name': 'logs/experiment_log-alg=fedavg_partition=noniid-labeldir_lr=0.01_epochs=5_num_users=10_beta=0.01_batch_size=64_opt=sgd_dataset=tinyimagenet_2024-06-05-1354-42', 'seed': 1, 'device': 'cuda:6', 'accuracies_file': 'logs/resnet_50_10_users_tinyimagenet.csv', 'dont_skip': False, 'n_train_workers': 1, 'n_test_workers': 1, 'arch': 'mobilenet_v3_large', 'multiprocessing': 0}"
0,0.0,0.0,0.0,0.0,0.5420134443021767,0.2779,0.8986275608194623,0.5409,"{'epochs': 5, 'comm_round': 300, 'sample_fraction': 1.0, 'alpha': 0.01, 'dataset': 'tinyimagenet', 'datadir': '../data/', 'partition': 'noniid-labeldir', 'alg': 'sflv2', 'model': 'resnet-50', 'split_layer': 4, 'n_parties': 10, 'lr': 0.001, 'mu': 1, 'std_coeff': 2.5, 'unif_coeff': 0.5, 'batch_size': 64, 'load_first_net': 1, 'pool_option': 'FIFO', 'model_buffer_size': 1, 'optimizer': 'adam', 'simp_width': 1, 'out_dim': 256, 'reg': 0.0005, 'temperature': 0.5, 'logdir': './', 'log_file_name': 'logs/experiment_log-alg=sflv2_partition=noniid-labeldir_lr=0.001_epochs=5_num_users=10_beta=0.01_batch_size=64_opt=adam_dataset=tinyimagenet_2024-06-05-1353-19', 'seed': 1, 'device': 'cuda:2', 'accuracies_file': 'logs/resnet_50_10_users_tinyimagenet.csv', 'dont_skip': False, 'n_train_workers': 1, 'n_test_workers': 1, 'arch': 'mobilenet_v3_large', 'multiprocessing': 0}"
0,0.0,0.0,0.0,0.0,0.5291593309859155,0.2669,0.8855033610755442,0.538,"{'epochs': 5, 'comm_round': 300, 'sample_fraction': 1.0, 'alpha': 0.01, 'dataset': 'tinyimagenet', 'datadir': '../data/', 'partition': 'noniid-labeldir', 'alg': 'sflv2', 'model': 'resnet-50', 'split_layer': 4, 'n_parties': 10, 'lr': 0.001, 'mu': 1, 'std_coeff': 2.5, 'unif_coeff': 0.5, 'batch_size': 64, 'load_first_net': 1, 'pool_option': 'FIFO', 'model_buffer_size': 1, 'optimizer': 'adam', 'simp_width': 1, 'out_dim': 256, 'reg': 0.0005, 'temperature': 0.5, 'logdir': './', 'log_file_name': 'logs/experiment_log-alg=sflv2_partition=noniid-labeldir_lr=0.001_epochs=5_num_users=10_beta=0.01_batch_size=64_opt=adam_dataset=tinyimagenet_2024-06-05-1353-19', 'seed': 123, 'device': 'cuda:5', 'accuracies_file': 'logs/resnet_50_10_users_tinyimagenet.csv', 'dont_skip': False, 'n_train_workers': 1, 'n_test_workers': 1, 'arch': 'mobilenet_v3_large', 'multiprocessing': 0}"
0,0.0,0.0,0.0,0.0,0.9999,0.5768,1.0,0.7908,"{'epochs': 5, 'comm_round': 300, 'sample_fraction': 1.0, 'alpha': 0.01, 'dataset': 'tinyimagenet', 'datadir': '../data/', 'partition': 'iid', 'alg': 'fedavg', 'model': 'resnet-50', 'split_layer': 1, 'n_parties': 10, 'lr': 0.01, 'mu': 1, 'std_coeff': 2.5, 'unif_coeff': 0.5, 'batch_size': 64, 'load_first_net': 1, 'pool_option': 'FIFO', 'model_buffer_size': 1, 'optimizer': 'sgd', 'simp_width': 1, 'out_dim': 256, 'reg': 0.0005, 'temperature': 0.5, 'logdir': './', 'log_file_name': 'logs/experiment_log-alg=fedavg_partition=iid_lr=0.01_epochs=5_num_users=10_beta=0.01_batch_size=64_opt=sgd_dataset=tinyimagenet_2024-06-05-1400-28', 'seed': 1, 'device': 'cuda:0', 'accuracies_file': 'logs/resnet_50_10_users_tinyimagenet.csv', 'dont_skip': False, 'n_train_workers': 1, 'n_test_workers': 1, 'arch': 'mobilenet_v3_large', 'multiprocessing': 0}"
0,0.0,0.0,0.0,0.0,0.49454825544174136,0.2479,0.8547235115236875,0.5026,"{'epochs': 5, 'comm_round': 300, 'sample_fraction': 1.0, 'alpha': 0.01, 'dataset': 'tinyimagenet', 'datadir': '../data/', 'partition': 'noniid-labeldir', 'alg': 'sflv2', 'model': 'resnet-50', 'split_layer': 4, 'n_parties': 10, 'lr': 0.001, 'mu': 1, 'std_coeff': 2.5, 'unif_coeff': 0.5, 'batch_size': 64, 'load_first_net': 1, 'pool_option': 'FIFO', 'model_buffer_size': 1, 'optimizer': 'adam', 'simp_width': 1, 'out_dim': 256, 'reg': 0.0005, 'temperature': 0.5, 'logdir': './', 'log_file_name': 'logs/experiment_log-alg=sflv2_partition=noniid-labeldir_lr=0.001_epochs=5_num_users=10_beta=0.01_batch_size=64_opt=adam_dataset=tinyimagenet_2024-06-05-1353-19', 'seed': 12, 'device': 'cuda:3', 'accuracies_file': 'logs/resnet_50_10_users_tinyimagenet.csv', 'dont_skip': False, 'n_train_workers': 1, 'n_test_workers': 1, 'arch': 'mobilenet_v3_large', 'multiprocessing': 0}"
